Id,tweet,class
1.0,نو الاهبل ابن الاه,
2.0,ى المصريين وجمالهم ربنا يحميه,
3.0,ول كتير اوى ودمهم خفيف العمارة اللي انا فيها كلها سوريين والأطفال ع,
4.0,ا بعد كده خلى اللى يوعنى بحاجه همضى على وصل امانه علشان اضمن انو مش ,
5.0,ا ه,
6.0, حفظ الله يا ري,
7.0, عيون عطشان عطشانة سهر يا قلوب تعبانة تعبانة سفر كتروا من الحب تلاقوا تلاقوا في الضلمة ألف ق,
8.0,سامي اكونتات البنات على مواقع التواصل الاجتماعي زي مثلا شروق الشمس و الذهب الأزرق و أي بطيخ و السل,
9.0,مد الله ع السلام,
10.0,ح م,
11.0,ا تشوف حد واحشك كان بقالك كتير مشفت,
12.0,اء نازله الجنينة حياتى دعاء السباعي دعاء السباعى دعاء السبا,
13.0,حد دلوقتي بيقول انه فاهم مش عارفه ليه حاسه انه بيك,
14.0,نا مشروخ مشروخ يا ج,
15.0,يشتش بقالي أسبوع انه إنجا,
16.0,ايه البصه اللي ببصها لحد و انا مش طايق الحد د,
17.0,ساس ان فى حد تانى خد مكانك من وسط الناس اللى بتحبهم وهما سابوه يخدو عادى احساس وحش ا,
18.0,س انا كنت بحب المدرس بتاعها فلذلك ح,
19.0,مين غيرك في قلبي اكتبله مرسا,
20.0,ينة لباسه والبر شعاره والتقوى ضميره والحكمة مقوله والصدق والوفاء طبيعته والعفو والمعروف خلقه والعدل سيرته والحق شريعته والهدى ا,
21.0,بنا يشفيه ويقوم بالسلامه ويشفى كل مر,
22.0,يأسش من اللي فات واستبشر باللي جاي ربك كر,
23.0,ردد قنوات الجزيره مباشر مصر التركيه دا التردد ياشباب علي معدل ترميز مدار نايل سات مبروك يااحرار ش,
24.0,يم لاين مفرح بطريقة تفر,
25.0, كسم تضيع الر,
26.0,خصصين بنضيع ضربات جزاء ف كره القدم ورميات حره ف السله مر,
27.0,هل مكة ادرى بشع,
28.0,لة من الاكتئاب و البؤ,
29.0,انيه الفرق لينا ياا,
30.0,ا بلغك عن أخيك شيء تكرهه فالتمس له العذر جهدك فإن لم تجد له عذرا فقل لعل له عذرا لا أعلمه ربنا يسام,
31.0,ى الصقفة كلة يرقص على الصقفة كلة يرقص زماا,
32.0,ساس ان الدنيا تسود ادامك كره واحده وتلاقى هموم تقيله وقعت علىيك فجاه احساس وحش او,
33.0, يملك الأخلاق والأدب يسكن في القلوب إلى الأ,
34.0,س بيشتم م,
35.0,اة ال ف خيالي حلوة اوو,
36.0, تيأس إذا حرمك الله ما تحب ولا تحزن إذا انجبرت على التعايش مع وضع قد يؤلمك بل إبتسم لأن الله قال بكل رحمة وعسى أن تكرهوا شيئا وهو خير,
37.0,تقدة اوي فكرة ان يكون في حد قدي في الب,
38.0,ايات السعيده دائما تاتي في المش,
39.0,احوتك ياسيسي استقبال رائع لرئيس مصر الججيدة القو,
40.0,يح ان الغربة صعبة بس الوحدة جميلة تخلص من هموم الناس وتفضى لهومك تحله,
41.0,تد أنا عن حبك و إن أهدرتى دمى المباح فإن كان الإيمان فى قربك فالكفر بك فلا,
42.0,عبه لما تفتكر انك مهم عند حد وف الاخر تكتشف انك كنت غلطا,
43.0,اتيهم اخرج بي,
44.0,نا مضايق قوي بصوت فد,
45.0,ية لولتراس الحرية للمدرج الكورة للجمهور يا داخلية وس,
46.0, قالي في يوم يا حبيبتى خدي القمر ورحت معاه ومااداني إلا الس,
47.0,ين في مصر مابيحبش يرجع البيت يلاقي الغدا مكرونة وفراخ با,
48.0,يمت عيناك بليلى وغادر نبضك عالمى عيناك من,
49.0,بنا يحفظك من كل شر و يبارك في,
50.0,ل الايباد بمناسبة الامتحانات مامته بتقولوا ذاكر عاوزاك تاكل الكتاب اكل قالها هاتى كوباية ميه واعملى شاى علشان احبس ,
51.0,نا لله و إنا إليه راجعون طب ممكن لينك المكتب الحقو,
52.0, الدين في عرف الحر هم و مذلة و ,
53.0,ه والله حرقوا دمنا يلا بنحب مج,
54.0,ب من ربنا وهتقرب منك كل حاجة حلو,
55.0,اريت نكسف التصويت على رقم للصوت الدهب,
56.0,ن تانى اكيد راجعين انا دايب وكلى ,
57.0, يشوفها في الشارع ميشوفهاش ع الانستجر,
58.0, سنين اتفرجت ع مسلسل برغم اني بكره المسلسلات ان واحده تتعمي واللي بيحبها يروح يدرس مخصوص طب عيون علشان يعالجها ده قهره جماعيه يا ج,
59.0,فلح أن صدق والمقصودق,
60.0,عدة الصحاب في نص الاسبوع بتقرب اكتر من قاعدة اخر الأسب,
61.0,ذه الدنيا كتاب انت فيه الفكر من القائل ال,
62.0,وقتي جاي بتلعب على الي خبزك وعجن,
63.0,لخوف بألف نصل كل نصل ينغرس فى حلم قادم فتسود حالة نزف لكل الأحلام ويسود البحث عن ذرة أمان وآمنهم من خو,
64.0,اذ امير طعيمه اتصور سلفى مع شاهين ومينا بجوار كاس لقب ستار اكادم,
65.0,ت اخر واحد ف الدنيا ممكن شيرين تبكى عليه انت فاه,
66.0,بعا اهم من الكتابه والاحساس الاملاء الشيء لزوم الشي,
67.0,ك أر,
68.0,ى حد بعت هداي لشي,
69.0,تروول نادوا دعاء بق,
70.0,ت بائس من حياتى وحزين الساعه لكن دلوقتى متفأل ومبسوط فشخ سبحان مغير احو,
71.0,عي تستسهل ,
72.0,هو خلص الفيلم اللي كتبته علي عكس ما كنت انا بتمني دا انا كنت في حبك من الاول ابليس متعشم في الج,
73.0,ا من كتر الانشغال حاسس ان في وقت اجازتي كائن غريب في بيتي بتعرف علي الاسرة من اول وجد,
74.0, علي الجامعة و امتحانات الجام,
75.0,علا صح عندك حق الله يرحمك يا ا,
76.0,جى عليه يابن الاحبى بورده يسلم على كس ا,
77.0,بنا معاك ان شاء ال,
78.0,ام الليل صائبة المرامي اذا وترت باوتار الخشوع يسددها الى المرمى رجال يطيلون السجود مع الرك,
79.0,طعهم وقل لهم تبا لك,
80.0,,
81.0,ن نكون مفرغين ولا نحوي إلا الخواء حينها سوف نكون أقل شعورا بالأ,
82.0,نتي المفروض ثانوي ,
83.0,ا من يوم السبت هبدا مذاكر,
84.0,فكيرك في مح,
85.0,اح جديد على اهلي فى توي,
86.0,عا انتي سقعانين وانا كمان بس انا عرقان والسخونيه ديه بنت جز,
87.0,انت من اهل ميتين امه ي,
88.0,ت زمان بستنى سؤالك عني دلوقتي مبقاش يف,
89.0, سيبك انت انا مبسوط باللى حصل انهارده و امبارح محدش قالى عقبال,
90.0,بدالمنعم إبراهيم فتافيت سكر السينما المصري,
91.0,قوا بين الناس اللي بتحبكو و فارقين معاهم و بين اللي انتو بنسبه لهم ولا حا,
92.0,ا ع,
93.0,كلة ان انا لسه جعانة بج,
94.0,اعرنا المحترم يعنى اية العيون االممكنة اة تعنى كلمة ممكنة مش فاهمة حاجة ممكن ,
95.0, رب ع,
96.0,ا كل ما اعرف حد ابن ناس يطلع يا كان صايع وربنا هداه يأما ابن ناس وحد على افاه فا هيبقى صايع طب ليه كده ,
97.0,لا تصبحوا ع خ,
98.0,صلا مسلسل الشمال والجنوب ده بكرهه كله علي بعضه كفايوة فانزه الغ,
99.0,ن على بعد خطوات بسيطة من تحقيق حلم شاهين كلها يومين والحلم يتحقق تخيلوا الفرحه على وشوشهم يوم اعلان النتيجه بفوز شاهي,
100.0,حبش ابين اني مضايقة والله بس بيبان عليا و بقلب وشي من غير ق,
101.0,سبي الله ونعم الوكي,
102.0,نا الزمالك احنا ولا نسيتو,
103.0,بنا يهدي,
104.0,لبي نبضه صوت نب,
105.0,سمين حمدان لا مش أنا اللي اب,
106.0,ه شخصيات فى حياتى موجودة بس عشان تحرقلى د,
107.0,ستغفر الله العظ,
108.0,لو مراره عيشي في رضاال,
109.0,ون عليكي تهونى عليا يالا ف داهي,
110.0,تنجحي خلاص نامي و ضميرك مرت,
111.0,ايا امتحان ابن جزمة كمان خمس ساعات و مش ناق,
112.0,حمد ل,
113.0,ام مره حبيت صدفة و كام مره لعنته,
114.0,ثيرهہ هي آمآنينآ ف يآرب حقق مآ ترآه خيرا لنآويسعدن,
115.0,ث نايم وفرحنا اننا شوفناه بيضحك الاكاديمي هتخلص بكرة احنا فاضين دلوقتي ع التصويت بليزز ليث أبو جو,
116.0, شاء الله نصبح علي خي,
117.0,علام ابن ميتشين كل,
118.0,م طهر قلبي من كل ضيق ويسر لي أمري في كل طر,
119.0,ح ياحادي العيس وينك غايب مده اليوم لاعيس لاصحرا ولا حادي ماغير ذكرى تهز القلبوتهده واقول عادي وهو والله مهو عاد,
120.0,ت اول حب واخر حب هعيش وياه واللى بينى وبينك احساس اكبر من معن,
121.0,ه التييت بس احنا سرقنا صور كتيير هطلع عليهم النكد ك,
122.0,ره اللي ماخذينها عني رجعوها والمره اليايه لا تاخذون شي مو لكم عيب هالح,
123.0,ا فضلت متمسمره للدرجة دى انا مبحسش اسأله طلعت فى راسي وطفيت الاغانى وبعدين قولت طب وانا هعمل ايه وشغلت الاغانى ,
124.0,ا مبيسيبش حد سعي,
125.0,ا كدا خلاص آخري جاب آخره من,
126.0,اسم يوسف انت خول وامك عار,
127.0, انا لو غبيه كنت هرتاح المشكله اني بتغابي و لو بنسي هرتاح برضو المشكله اني بتناسي و مش بعرف اسامح كمان و مفرمله نفسي اني انت,
128.0,لمو,
129.0,انا من الناس يارب واشتقت الى بيتك الذي وضعته لنا فاللهم ارزقنا زيار,
130.0,مسكهم الاتنين و اخبطهم في حيطة و نبدأ على نض,
131.0,ا المفروض اروح الكليه بكره اللي هو النهارده الصبح يعني عشان ادفع المصاريف عشان مش هدخل الامتحان لو مدفعت,
132.0, ميخافش من ربنا خاف م,
133.0,نتي منين اصلا وعايشه,
134.0,ه لف,
135.0,ل المشكله بتواجهك فى مكان محدد ولا اى مكان وبالنسبه لخدمة ال ايه علامة التغطيه الخاصه بالانترنت اللى بتظهر ل,
136.0,هم تقبل منا ومنكم صالح الأعم,
137.0,كن حد يكرهك بمجرد انك محبوب لناس كت,
138.0,ل سنه وانتى طيبه يامديره واحه الاسلام وربنا ىزيدك نور ورفعه انتى والمنتدى بتاعك اتمنى لكم كل الخيرات واارفعه على الدو,
139.0,م بشرنا بشارة خير لم نتوقعها ولم نكن نحلم بها ورزقنا رزقا لم نسألك اياه ولم يخطر ببالنا وجنبا شرا انت اعلم به منا ياحي ياقي,
140.0,اصباح ال,
141.0,د قالك انك واحدة وسخة بلو,
142.0,ة دة هدفك يعني من القصة انك تعملي فتنة صح متخافيش فانز سلوم وفانز بسوم واحد وياما عدت اشكال زي دي ومأثرتش ,
143.0,كنت أزعم مثل الناس إذ زعموا بأن من غاب عني غاب عن بالي واليوم كذبني قلبي وكذبتهم فارقتهموأقاموا بين أوصا,
144.0,ان يرزقك خدمتها علي اكمل وجه ويكتب الله لك الثو,
145.0,ت بحب المذيعة دينا عصمت لما كانت على قناة النيل للأخبار و أون تي في للأسف مستواها نزل على سي بي سي إكسترا كانت قارئة نشرة ممتا,
146.0,ا خلاص قررت مش هذاكر حاجه غير ليلة الامتحان عشان كل مااذاكر حاجه انساها تاني كفايه تضييع وقت ف المذاكره بق,
147.0,ت واقفة في البلكونة بدري كدة فلقيت عامل النظافة منضف الشارع يادوب طلع لأول الشارع ورجع تاني قام منضف تاني ولا ه,
148.0,ونها يتالف فيها اشع,
149.0,حان الله وبحمد,
150.0,موهم في أعماق البحار حتي تشتت الأمواج أشلائه,
151.0,تارى المحاسبة غداره غدار,
152.0,لناس اللي عايشة عشان توجعك و ,
153.0,وءك لصلاة الليل وصلاة الفجر مع شعورك بالبرد هذه القشعريره كفيلة بنسف جبال الخطايا التي قد تحمله,
154.0,باح الورد يا عنتبلي بي,
155.0, هنا شغال في بن,
156.0,ه و الله تعبنا ف,
157.0,يى لس مكلمنى مصتقدش إنه لسه حى مم,
158.0,هة نظر بر,
159.0,بح الوضع يط,
160.0,ي أول تصريح له السبسي يطلب تفويضا من الشعب لمواجهة إرهاب محتمل واضح أن الكتلوج ,
161.0,لسير في طريق العلم الدعوة إلى الله بما معك من العلم إن لم تستطع فكن محبا للعلم وأهل,
162.0,كله ااي انها عايزه الواد بيها ال ساعه حتي وه,
163.0,ا ريت كلهم زيك يا بنتي وال,
164.0,احو,
165.0,هاجما لا يحتفلون بالمولد النبوي ويحتفلون بالكريسماس ماانت عايش في قطر من السينات لسه واخد بالك دلوق,
166.0,فيديو يهاجم لا يحتفلون بالمولد النبوي ويعتبرونه بدع,
167.0,يقك مسدود مسدود يا ولدى بصوت سعيد صا,
168.0,يب ياشرطة يامصرية في كتير اخوان في المصالح الحكومية وعاملين شغب والمديرين بتخاف منهم وبيعملوا فتن واج,
169.0, انا كنت ناسي والله ورجعني الحنين وتحت شباكك بيرميني الح,
170.0,نقلاب اية ربنا يقلب مصرانكم ان شاء ال,
171.0,ا يعنى صاحى على بليز كول مى وقولنا ماشى انما ملاقيش علبه السجاير احا بجد دا انا شارب منها سجارة واحده ,
172.0,ة ملهاش دعوة بنجاحك وفشلك والحقيقة انك فاشل عشان انت خول وعلق مش عشان انت سئ الحظ او قوانين الطبيعة والزمن بيتامروا عليك صانع الس,
173.0,ل رسول الله لاتقولواللمنافقسيدنافإنه إن يك سيدكم فقدأسخطتم ربكمعزوجل الصحي,
174.0, رب أمنحني قلب مبتسم يسعد ن حولي و آغمرھہ ب آلقوھہ و آصبر حتى لآ ضعف آمآم شيء سوآك صباح الخيرا,
175.0,تيجبي ملاحق يا هيد,
176.0,لثانوية دى بتنمى الغب,
177.0, تطلب من الله مالا تستطيع تأدية شكره أو تحمل عبئه والا فلما ءاتاهم من فضله بخلوا به فأعقبهم نفاقا في قلوبهم إلى يوم يلقو,
178.0, ينفع تكون متعاطف او مؤمن بفكرا او رآي او شخص او حزب او كيان الخ وتقارنه بشبيه ولكن متناقض مع الشئ دا لن تكون منصف بالمر,
179.0,سوف يعطيك ربك فترضى ألم يجدك يتيما فآوى ووجدك ضالا فهدىووجدك عائلا فأغ,
180.0,تراجع أمام الدولار للمزي,
181.0,تراجع باتجاه دولارا للبرميل في التعاملات الاسيوية للتفاصي,
182.0,سااءالخي,
183.0, بتجهيز ملعب كامل متكامل مع بأقل سعر وضمان سن,
184.0,اد المهندس و شويكا,
185.0,ديول منحس من او,
186.0,ك الحمد ربي عدد خلايا أجسادنا المتعافيه وعدد أيامنا التي لا نشكوا فيها وعدد نعمك التي لا نحصيه,
187.0,ظ الله مص,
188.0,را لأنك في حياتي شكرا لأنك حياتي صباح الح,
189.0,ل بالنسبالى اشبه بالم,
190.0,عيش يا جيش بلاد,
191.0,به كشرى وسط ب جنيه يعنى لو اربع افراد ب جنيه بلد مفيش متها ام,
192.0,ه دى حاله جمي,
193.0,ريد عمل اناسا,
194.0,بتسم في وجه من يكرهني فان لم أكسب محبته سأنجح في فقع مرارته وبش,
195.0,ما بقوا بيتكلموا مع بعض شكل دعاء اصلا متعرفش ايه اللى حصل وهى بره مشفتش حاج,
196.0,قب لا يليق الا بك يا شاه,
197.0,سطى تمام مفشوخ ف شوية امتحانات عملي و خرا اهم حاجه تكون مبسوط ياس,
198.0,له كدابين ما انا ميزان ا,
199.0,لسلام عليكم ورحمة الله وبركاته اه وسه شرفت بمتابع,
200.0,ا أحوه كس أم حسام وأخ,
201.0,,
202.0,ادة عبدالرازق تنشر صورتها باتحاد الطلبة وناشط مربية أجيال وأج,
203.0,د لله على نعمه المناخير الصغي,
204.0,ساب شيرين يحي,
205.0,اترة نفسى افهم انا شغال معاك من اول الترم و طالع عين اهلى تيجى بت اخر الترم تنزلك دمعتين تحطلها مشروع تقديره امتياز د,
206.0,بنا يخليهولك ويسع,
207.0,ه واكبر على رنووشتنا ربنا يكتر من لقاءتك يارنا اخنا مابنشبع منك ابدا وربنا يوفقك يارب وتكون البر مطربة فى الو,
208.0,ا نفسي مرة أجرب أكون ليك حد أقر,
209.0,ت موجود في خيالي اكتر مانت موجود في ال,
210.0,نها حبوب منع ا,
211.0, كنت ناوي اذاكر بس واضح ان مفيش نص,
212.0,,
213.0,ل سنه وليبيا بخ,
214.0, كفاية اسمك عجيب و كمان عامل الشكل د,
215.0,اسب يحاول الانتحار بإلقاء نفسه أمام المترو لعجز مليون جنيه بعهدت,
216.0, يوم هنعود دا بنا وعود وف غيابو اكيد لسة الامل موج,
217.0,ا عربى بيطلع عنيهم برد,
218.0,حك والضحكة تبقى ضحكيتين واتنين ف اتنين فى ا,
219.0,ه صح وال,
220.0,انت بالف خير ميرسى يا اح,
221.0,احلي تحيه لاولاد بلدي اجمد ناس المصريين وصحابهم اللبنانين طبعا حد هيسال وكنوزه مقلتش كنزه لان حسبتها كمصريه لانها بنتنا ,
222.0,ان بيبعتلك ويسال عليك بعد فترة لما يشوف رسالتك وميردش عليك معناه ان الشخص ده معرفه وسخه من الا,
223.0,س يا زملكاوي يا ع,
224.0,انز مينا ليه كل مسابقه فيها تصويت نايمين فيها صوتوا لمينا هنا بق,
225.0,وشتي ايه رايك ف صورتك مع فكتور نفس صور الحفله بس مش عارفه انتي بتبقي زعلانه كد,
226.0,كيل الأهلى مسعد عوض شريف عبدالفضيل سعد شريف حازم لؤى وائل غالى رزق السعيد سليمان تريزجيه مت,
227.0, كل واحد يخليه فحالة ,
228.0,مة الطريق كمان كان واقف واقفه طين و لسه داخل زايد اهويوم ل,
229.0,ريدو بيهرج وال,
230.0,من يونس ده رغاي فشخ وحورت,
231.0,عو قصر البارون بمليون جنيه وده تمن حته ارض في اوسخ حته في مصر قالك عصر مبارك سنه سبب الخراب اخرص ياع,
232.0,ل نانسي غدا فى جاردن سيتي فند,
233.0,رد توورس من شاهد الاعلان بالكامل من ,
234.0,صرنا انصرنا يارب انصرن,
235.0,كدب لما نتكلم عشان عارفين لو اتكلمنا جد هنفترق ب,
236.0,اغي اللي شغالة سا,
237.0,ا ده عشان عيونك حلوه فشافت الصور جمي,
238.0,سلام عليك ورحمة الله وبركاتة وجوول للاتحا,
239.0,تر يارب من أولها بركاتك يا ابن الفقري,
240.0, تسترجل يا ابن بت المرة الخول انت و,
241.0,قتش بعترف بكلمه انا اسف د,
242.0,اكس آلة تنبيهلكن فى مصر  آلة ازعاج ياريت ينزع من السيارات ولو لمدة ستة أشهر لان عدم وجوده بالسيارة يجبر قائدها على السير با,
243.0,ارب يا عالي انصر الغا,
244.0,يبى انا لك وبين يديك إدخلنى بين ضلوعك ضمنى بقوة اعتصر ضلوعى ونبضى يحضن نب,
245.0, غالي متطلعش دين أ,
246.0, قبلتي في صلاتي إذا وقفت أصل,
247.0, الرجاء من الاسيوطي من الإسماعيلي من وادي دجلة ودلوقتي من الاتحاد الأهلي مش فوق الجميع الأهلي فوق بتاع أندية الدو,
248.0,له وانا لة فاكر ماتش الكأس مع الرجاء اللى كسبانه بالعافيه قولت دة فا,
249.0,سم بالله نادي ابن وسخه كل ما يبقوا خسرانين ولا متعادلين الفرقه كلها تنط ف ال علشان تاخد ضربة جزاء حاجة ق,
250.0, يا اخ,
251.0,وير و الاخراج في الماتش بتاع الاهلي زفت ا,
252.0,ا استحمل أي حاجه بس حسام حسن ميكسبش الأه,
253.0, ولاد المحظوظه كوره زي دي تتلعب بالشكل ده وتيجي فى العارضه كسم الحظ وتترد بكوره زي دي وتطلع بره فى حظ فى الدنيا كد,
254.0,اجة وسخه هارميه فعلا لاني زه,
255.0,ئله ناظم بي,
256.0,هه التاني ل الاتحاد هه ,
257.0,ه المعلق إبن الكلاب د,
258.0,وء ,
259.0,ه وال,
260.0,ات الحن النش,
261.0,اا شريف حازم جاله شد قام حاسبله فا,
262.0,ه هي بعض الثوابت التي يجدر بنا التعلق بها في زمن الفتن والمحن والتقلبات فهي من قول الله وهي من وعد الله ولا يخلف الله الميع,
263.0,ره الأتحاد بكره,
264.0, مشينا بمدأ ربنا بيوقع الناس اللى شبه بعض أو بيكملوا بعض مش هلاقى حاجه من دول تتحط جنبى غير شبهى وهنطلع عين بعض ففاكس ما تعملش ك,
265.0, أريد المستحيل فقط اريدك انتى ثم قلبك ثم حضنك وكف,
266.0,لحمدلله الذى كشف عن مصر الغمة وأنقذها منذ هذه العص,
267.0,ا موجود يا شقيق,
268.0,مه خسر تريزيجيه هجوميا وكمان كفةئته دفاعيا قلي,
269.0,ا سآكنة ف ألآسك,
270.0, كان قلبى في مديحك يشتفي أو يكتفى بفصاحة البلغ,
271.0,ه يا عم جاريدوا حتشمت فينا ولاد ال البو,
272.0,ن ليها أسبابها كان ليا أسبابى كان للقدر أسباب كان نفسى أكمل آه كان نفسها جايز و أهو كل واحد س,
273.0,كفي تلعب بأعصا,
274.0,وحى الهى اشوفك داكتورة قد الدنيا زى ما بترفعى من روحى المعنوية قادر يا كريم ,
275.0,ي الاهلي خسر مفيش فاي,
276.0,شق الج,
277.0,ن الصراع الضمنى بين إشكاليات التواجد الحسى ف بد من اعطاء الفول,
278.0,نا عندى صداع رهييب ده اللى مبوظ مو,
279.0, مغلو,
280.0, أنت طيب و بخير يا ر,
281.0,يه كبيره للاتحاد بجد فريق حلو اوي وبيلعبوا كوره جمي,
282.0,لاتحاد سيد البلد لولولول,
283.0,نا مكناش بنتكلم عليهم ولا بنجيب سيرتهم سواء خسرانين او كسبانين مبيفرقوش معانا اصلا بس كلامهم ع الزمالك ال خلانا نتكلم عليهم وهما خسر,
284.0,عة على الحلوة والمرة ه,
285.0,ييه كده يا اخى يا اخى حرام عليك يا اخى بصوت عبد العزي,
286.0,د لله و يبقي هوا فرحتنا وحياتنا و مفيش مشكله لما يبقي ف يوم سبب حزنىبس دا ميمنعش انى فرحت كتير بسببه ع المره معاك ي,
287.0,و وقع لية ألف قوم,
288.0,ين الاوراق كنوز مخبئه لمن يبحث ,
289.0,لعها واخربها يامينو ف اخر يوم ولما ترجع هاتولع اكت,
290.0,م الاتفاقيات اللي عقدتها القيادة المصرية مع القيادة الصينية مبشر ويفتح الشهية لمصر الجديدة بعيدا عن المزايدات السياسية لبتوع الليبرالي,
291.0,لحلوة والمرة مع,
292.0,لاد مجيد سوري,
293.0,ش لوحدك شوف التلفونات والضحك بس ولا يهمنا الاهلى برضوا ف القلب وماتش ويتعوض باذن ال,
294.0,اتش بكره هيحدد كتير واعتقد اول اختبار بس لازم برضوا منزودش ف الفرحه او لا قدر الله لو حصل حاجه نقفش لازم نعرف ان فريقنا ماشي كو,
295.0,بارة ممتازة من حيث اللاعبين والمدربين والتكتيك والاثارة والجماهير وكان المباراة فى الدورى الانجليزى مجهود كبير للفر,
296.0,ي حد بيقول معلومه وغير بيها حياة ناس وهي غ,
297.0,صحيح تتوقع ايه فى البوكسينج دا,
298.0,بكة الي مش موجودة اساسا طول الي,
299.0,مكا اقابلكم ف مترو الجيزه او الشه,
300.0,كله ان العيب والتقصير مش مني هي اصلا المواد لا بتتفهم ولا بتتحف,
301.0,حنا الجيل اللي شايب وهو شب,
302.0,يما إسمك في الذكريات دا إنت كيان المعجزات دا إنت الحياا,
303.0,نتى زى النور فى طبق بن,
304.0,لا أي حاجة أدى التويتر اهه انا قايم اذاكر انا ايه اللي مخليني فتحت انا مش عندي امتحان بك,
305.0,اردة في بطولة جديدة هتدخل دولاب بطولات نادي الز,
306.0, الأهطل والأخت العبيطة اللى بتقول الزمالكاوية بيفرحو فى خسارة الأهلى اكتر ما بيفرحو عشان مكسب الزمالك نعم سيتك مين الاهلى ده اصل,
307.0, يوم أسود في تاريخنا لازم نرد القلم ده م,
308.0,انا وربنا عندى بااطن,
309.0,ايا يا جماعة أنتو لما بتصدقوا احاا مش كده والله كسم الاهلي ع الاتحاد ع الدوري المصري علي مصر علي الرياضة بشكل ع,
310.0,كاويه اللي بيزيطوا ان الاهلي اتغلب اتلموا بدل ما نردح وشكلكوا يبقي وحش اكتر ,
311.0,ئما نعرف نخدع أنفسنا بكلم,
312.0,م يا زمي,
313.0, جدعان لو سمحتوا مش كل واحد عنده ميتين ام عقده نفسيه يروح داخل شاتم حد علي اسك ما هو يا تتعالجوا يا تنتحروا والل,
314.0,ما ابتسام وعبدالسلام فين كلهم قاعدين بيحتفلو وهما مش قاعدين م,
315.0,ريفالفسادتسخير المنصب العام من أجل الحصول على مصلحة أو منفعة خاصة يحميه الاستبداد والقمع ويحميه الجهل والتخلف أذا آمنت العقوبة أسئ الا,
316.0,لعميد دبح الأهلي فاز فريق الاتحاد السكندري على نظيره الأهلي بنتيجة في مباراتهما اليوم باستاد القاهر,
317.0,ه مفهوم الر,
318.0,صدك على شاهين لا و الله هو يغنى كل الالوان مش متمسك بلون غنائى واحد الحمد لله لمع فى كل الالوان مغربى جزائرى فرينش ص,
319.0,ليه نكون مع نفسنا لما ممكن ان احنا نتجمع كلنا التفكير الفردي عمره ما جاب نتيجة كويسه في النهاي,
320.0,يس,
321.0,سعدك ياغا,
322.0,عة البديهه و حسن التصرف المتلازمه الانجح و الاكثر ابهارا بنسبا,
323.0,ا اللي من كتر ما اتقلي يا فاشل حاسيس اني فاشلت ب,
324.0,لموقف الواحد والكلمه الوحده والاعلام الصح مثال لاحلى حاجه ف الاعلام عندنا ربنا معا,
325.0,نا جيل اللى شاب و هو شبا,
326.0,ا مازكرتش بجنيه النهارده اع,
327.0,عان عين ابونا في الثانوية العامة ,
328.0,,
329.0,يري قريصمص أحبيب قلبي روح أفطر يل,
330.0,ل مانتي جنبي بلاقيكي تملي وش السعد عليا حبيبه قلبي ومعاكي ناقصني ا,
331.0,ا بايديه ولا كان بايدي,
332.0,ا بحب النوم أوى و بحب السرير و المخدة يااه انه لاحساس عظيم ها أنا قادمة يا سريرى تصبحوا على سعادة و خي,
333.0,كن نتعرف على بنو,
334.0,رار ل محمد م,
335.0,لعشق زين بس الهموم سبا,
336.0,تفرجوا على الفيديو وإقرأوا الكلام المكتوب تحته وقولولى انطباعكم عن,
337.0,كنترول انهاردة اخر يوم حرام على امك بقى عايزين نشوف دعاء السباعي و ليث ابو جودة ارحم امنا العي,
338.0,وة الوحدة أوى والهد,
339.0,ح يا عبدالسلام وراها اشمعنا دى يعنى هو الكنترول ده مستكتر علينا ننام يوم مبسوطي,
340.0,م ان الجمال نسبي بس ف جمال يخطف العقل قبل العي,
341.0, هنخسر حاجة اكي,
342.0, حاجة محزنة نوعا ما فع,
343.0,لح,
344.0,ل المشجع النظيف بتاع محمد نبي وعيسى نبي وموسى نبي ده ماينفعش كسم أي فرقة مابشجعهاش بالذات اللي معايا ف نفس المدينةاللي بتنافسني ع بطو,
345.0,قه ج,
346.0,يزة اطبطب على نفسي واقولها انتي تعبتي استحملتي كتير مع,
347.0,ه احلى حاجة ع الصبح انا بحب,
348.0,اقع التواصل الاجتماعي الها سلبيات والها ايجابيات الوعي وحسن الاستحدام هو اللى بيخلينا نستفيد منها ضمن الحدو,
349.0,ا مو محتاج من قلبك حنآن انا قبل احتاجك احتاج احتياج,
350.0, ياا يوونس السوشيل ميديا كلها بقت لكل حااجه والله وقصه غريبه انهم ممكن يوافقوا يفضحووا نفسه,
351.0,ربيت ع الم,
352.0,عمل اية بكرة ال هتفرج عل,
353.0,سم ريال مدريد ياع,
354.0,تاجين إعادة تأهيل شاملة لذكرياتنا و نفسيتنا قب,
355.0,لي سيد الدور,
356.0,ه فار بجد مش لعبة وعندي وباكله ,
357.0,لتمركز بتاع خط الضهر كله كان بليلة متقوليش هاني كان هايجبها ومتنساش أن في علق واقف جون ,
358.0,انها شرقية لا تستغرب إذا قتلها الحنين ولن تأت,
359.0,دش هيهتم لو رجعت البيت دلقت جاز على جسمك الهالك وولعت مليت الحوض اخدت منوم وغرق,
360.0,ين فينا مانفسوش انه ينفصل عن العالم كله ويبعد عن كل الناس اللى فى حياته ولو لفتره صغيره يرتاح فيها شوي,
361.0, بق,
362.0,نعمل ايه لما مينا يسافر احنا هنضيع من غي,
363.0,ر اسود على الناس لسه بتقولوا دعاء بتحب ممدوح البت لمامحمدسأل ليث وشك اتغير قالتله ليه ممدوح مش صاحبى اتهدو,
364.0, معآ,
365.0,اره عندي كم عندك,
366.0,شتاق جديد الكل ينزل افضل صور لد,
367.0,نية حلوة ف,
368.0,ر لسه ساكت يا ويلي من سكا,
369.0,افواز قول لسعيدالشهير عيب تتريق علي شيخ ازهر فى الطبخ نحن نحترم كل مشايخكم ونشا,
370.0,ا قلبي باب بيتك ادخلي ماتخبطي,
371.0,ينا وشيرين كانو بيغنو مع بض عادى وبيضحكو قبل ما ي,
372.0,وات يا صديقتي أموات نحيا وسطهم في حياء نكاد لا نظهر نخاف أن نصبح مثلهم فنهرب من الواقع بتناول جرعتنا المعتادة و نستمع الي الموسيقي لي,
373.0, عاب اخيه بقبح لم يمت حتي يفعله ابن الق,
374.0,حدش وصل لمستواها المتدنى اخلاق واسلوب وجوهر كله صفر شكلها صحبتك فالشغل محترم وطيب وابيض مش سواد وغل شب,
375.0, مواقف كتير نفسى تتعاد تانى عشان اغير فيها رد فعلى اللى خدته فى وقته,
376.0,ها كنزه ,
377.0, ان تتخيل الاحساس اللي بتكون فيه لو سمعت اغنية مشاعر بتاع شيرين في الوقت ده اووف حاجه فشي,
378.0,تعرفش تسرق فى مصر الا بمباركة ومشاركة من كبار موظفى الدولة يعنى مش اى حد لابد ان تكون من عيله حرمية معروفه وموثوق فى قلة شرفها ولها س,
379.0,م انا عبدك وانا على عهدك ووعدك ما استطعت ابوء لك بنعمتك علي وابوء بذنبى فاغفر لى ذنوبى انه لا يغفر الذنوب الا ا,
380.0,ك الصحة في الجسد نسالك البركة في الولد نسالك سلاما وامانا برضاك علي هذا الب,
381.0,مة مححجوب دعمت حبيبى محمد شاهين كثفو التصويت وصلوه للق,
382.0,عملي البلوك للكاندي كراش نفسها وماتضايقيش نف,
383.0,ارب يا استاذه لمياء شاهين ياخد اللقب انتى مش مصريه صح بس اهلا بحضرتك فى م,
384.0,تك معايا تطوفي وسط البشر والزحام وتشوفي حيرتي وخوفي عليكي من دي الال,
385.0,عزوع اتخذت إجراءات جديدة لتسهيل منح تأشيرات دخول السياح العر,
386.0,رانس برس العنف يسود الشرق الأوسط ويطغى على احتفالات عيد الميلا,
387.0,ستمرار إضراب الأطباء العاميون في فرنسا لليوم الثاني على التوال,
388.0,رك عن محارم الله أيسر من صبرك على عذاب الله صبري على نفسي ولا صبر الناس علي طول البال يهدم الجبال عش رجبا ترى عج,
389.0,لنها زمان وفى اى مكان نادي الملوك ووراة فرسان اسمة يتشاف غيرو يخاف يقف قصادو فى اى مكان الزنالك هو الم,
390.0,ى أنثى أجزم ان ابناء ادم لن يفهموا قلوبنا حتى لة امضواء الف سن,
391.0,اول مفكرش بحاول مصدقش بحاول اهرب م اللي حصل بحاول ابطل اتعلق بحد بحاول انسي بحاول اعيش في معظمها فشل,
392.0,دما يعاقبك من تحب على أقل تقصير فتأكد أنه يكتب نهايته بداخلك بحبر من وج,
393.0,ى وان كثرت الاحلام يبقى حلم واحده معلق دائما بالبال ونتمنى لو يحق,
394.0,ادة للنفاق عنوان اكتر واحدة اتكلمت على زمايلها متركتش حد محشتش فيه وشوفوا مين يتكلم عالمصلحة هه,
395.0,ليه انا من الحب فلاتخدعكم كتاباتى احببت شخص وفقدته واكتفي,
396.0,ه البرد د,
397.0,باحكما ورد و س,
398.0,بحكم الله بكل رضا وثبات من عن,
399.0,لحمد لله عندنا تر,
400.0,حكم مس,
401.0,صدقي صح أصل الجنس ده منيل وما يتعاش,
402.0,ك البنات حكايات و ضحكك حكايه لوحديه,
403.0,تمعات مقرفه وغبيه ابو بكر الرازي كان بيطعن ف منطقيه فكره النبوه نفسها ومتعدمش وكتاباته عايشه الى الي,
404.0,ا مصر لو نيلك كله صلصه مش هتكفي الكوسه اللي في,
405.0,يه الحاجات الحلوه اللى عصبح ,
406.0,متش تقريبا غير ساعا,
407.0, يعد بداخلنا غير الم الصم,
408.0,ات جدعان فوق العاد,
409.0,ن منتجات غذائية منتهية الصلاحية بمصنع فى أكتوب,
410.0,ائما ما تشهد مباريات وسط الجدول العديد من المف,
411.0,,
412.0,ضحك وعينيها كلها دمووع نعم يا سادة انا اعشق شيرين يحي,
413.0,ن أجل علاقه تدوم عاتبني على أشياء تزعجك ولا تدعها تكبر في قلبك أب,
414.0,نا عارف وملوش علاقة الاعتذار برنا او حد تانى بس التويته دى مش حلوة يعنى ايه اعتذرت عشان الفا,
415.0,,
416.0,مني من انها تكون من غير موت حد ب,
417.0,,
418.0,تمام و التقدير مفتاح اى ,
419.0, عايز حد يثق فيا ومش عايز حد يصدقنى من غير ماحلفلوا اصل احنا مجتمغ ابن وسخة ن,
420.0,اس تقولك هفضل معاك وفجأه متلاقي,
421.0,اول اتعامل مع اي زفت بيحصل ف حياتي ب اقل الخساي,
422.0,لم جراحك عا الهدا إنت مش أول حدا قبل ما يوصل ,
423.0,اخيبعدالسلامورحمهاللهوبركاتهلايوحدمعيرقمتليفونقطريارحوالاهتمامبموصوعيوحراكماللهخي,
424.0,ه لا عادى طب داري دموعك الاول وبعدين برح,
425.0,تبقى مش مقنعه خالص لو عمر ابوه كانت اول حاجة فكرت فيها لما طليقها خطفه انها تروح لعمر و تحكي,
426.0,ب و الناس ناس مين انا هقابل ربنا لوحد,
427.0,بقي اعرف عندهم الاول قبل ما تقولهم عشا,
428.0,مين لكن الصوره واضح فيها فبركة تنب,
429.0,دش يحضننى طيب يا جماع,
430.0,ا اله الا الله الا بذكر الله تطمئن القل,
431.0, تفاهه بنت ك,
432.0,متين احفظها في هذه الحياه و انت في قمة الغضب لآ تتخذ قرار و انت في قمة السعادة لآ تعطي و,
433.0,حد جاب اخره احيه ب,
434.0,ندك حق لكن معلش الغباء والتخلف لما بينكشف مالهوش ,
435.0,ت هموت امبارح واعرف كل شويه بيوشوشوا بعض يقولوا ايه يلا منك لله يا كنترو,
436.0,لتشكيل الخاطئ من جاريدو وإفتقاد اللاعبين للر,
437.0, شاكر أن ضايقت لابدأن تفرج وإن تعسرت لابدأن تيتسروإن استصعبت لابد أن تتسهل وهذاوعدربي وبشر الصا,
438.0,ا هأجل ال,
439.0,قصد شغل الموقع ,
440.0,تاج لعنيك يا ل,
441.0,وفتش لاعب نشط ع تويتر ز,
442.0,م اجعل العام الجديد خيرا على المصريين ورخاء وحبا ووفاقا وعلمنا ان نخاف منك ونتنقيك ونعتمد عليك يارب كل المص,
443.0, الف حسرة على اللى شفتهم ج,
444.0,س في اية النفخ د,
445.0,ا جيوبه بالافراح وطاح ف الحزن بالضحكه وجلجل صوته قال يا جراح اديني قافلك الس,
446.0,م أغسل قلوبنا من أوجاعها وأرزقنا من فيض كرمك سعادة لا تنقطع وأشرح صدورنا بقربك وحقق أمآلنا وأحل,
447.0,وا على جابر خواطر المساكين صلى الله عليه وس,
448.0,بنا يخليكم لبع,
449.0,ربنا دعيت بضمير ده انا كنت مصلي الفج,
450.0,ى اتفشخ,
451.0,رنا جولة من الجولات مش سنه ياخ,
452.0,سة كأن ابنى فى امتحان ثانوية عام,
453.0,ى انت حر مع مدحت العدل حنكون فى انتظارك ياملكة اطربينا بااجمل اىعانى بصوتك العذب والاحساس الرائع والطرب الاص,
454.0,خربيت جمال ابوك,
455.0,يت تعالى دا لو غالى عليك تعالى بقكر فيك تعالى دايما مشغول و بيك على ط,
456.0,حان الله خلاث قربت عالبيطاش و فى ناس بتتعذب يا عينى و تاخدلها ساعتين فالمواصلات و تتأخر على مواع,
457.0, يوم جم,
458.0,س أماره بالس,
459.0,عنى انا معرفتش انت هتبقى عارف مثل,
460.0,يش حاجه هتيجيلك وانت متعبتش عش,
461.0, كان للكلام عطرا لكانت الصلاة على النبي أجمل العطور اللهم صل على محمد وآل محمد صلو عليه وسلمو تسليم,
462.0,صويت ميناا الله يسامحهم دلوقت عرفوا مينا بس هقول ربنا كبير اخدوا حلمه وحلمنا بالفاينل مينا ع,
463.0,عرفنا عليطالب بس الهينجحو بعد البرنامج بس وواثقه من كلامي كنزه ومينا وليث وابتسا,
464.0,بة في الطري,
465.0,شمى انت فلاح ياا,
466.0,عاء صعب ممكن تعمل اغاني بس مش هتتشهر زي الاربعه د,
467.0,نتي يا حبيبتي إنتي كل الح,
468.0,ند كريم تعالى انا لسه صا,
469.0,عار البترول قلت يعني المشتقات البترولية شعرها بقي اقل بس ملناش دعوي الاسعار زي ماهي بس لو غلت بيبقي كله ع الم,
470.0,ا كابتن ابراهيم كل اللي بيقولك بنحبك ومعرفش ايه دا عايز ريتويت مش اكت,
471.0,جبني الساكس فون والبيانو ب,
472.0, اكتب فيك اليوم شعرا و لا نثرا سأكتفي بأن أضع قلبي على الور,
473.0,نتي اللي كاتبة التقرير اللي عن عم صبح,
474.0,فالوو خيرر للقب لابن مصر باذن ال,
475.0, تعطي قلبك لمن لا قلب له لأنه حتما سيخذلك ولا تعطي حروفك لمن لا يقرأ لأنه بلا شك سيسيء ف,
476.0,حبش حد يقرب لحد بح,
477.0,ى الشباب يسرقوا في صور ب,
478.0,ام لذيذ ع الجم,
479.0,نت نايم مع,
480.0,فيش وقت ياريت تصوتوا لمحمد على رق,
481.0,ه اختراع فوق الرائع و الل,
482.0,لحمد لله مستنية الامتحانات تيجى عشان الاجازة بق,
483.0,ب يا زملكااو,
484.0, واحد ادره بالكارثه اللى ف حيااته وانا ف كواارث هى ادره بتتكتب كده عا,
485.0,ييه بقى ع الحكم و ال,
486.0, مهز,
487.0,لحمدلله على الصحه والعافيه الله يديمها عل,
488.0,ن فى اسئله جواىا لا ليها جواا ولا ,
489.0,سم الله الرحمن الرحيم توكلنا على الله هشتا,
490.0,ه طبعا يلا بقي من هنا بدل ما اغ,
491.0, عط,
492.0, جعفر ماله رشيق كده ل,
493.0, تحقرن صغيرا في مخاصمة إن البعوضة تدمي مقلة الأس,
494.0,ة اعید فیه سمعته بتاع خمستاشرمر,
495.0,زي ابراهيم السكري وازي شوقي العنبري وريحة عرقه زي ال,
496.0,را نويتن ف رنا سماحة سر الجاذبي,
497.0,فضل نحيك طول عمرنا عشان انتي انسانة قبل متكوني فنانة يا رنا سماح,
498.0,شهدلك قصاد الن,
499.0,ون كوستاريكا ده اتشقلب قد,
500.0,ش مز,
501.0,ن أسئلة مفيد فوزي العميقة ليسر,
502.0,كم ابن وسخه هيودينا ف ده,
503.0,صاد قطاع المشروعات الصغيرة والمتوسطة خلال العام الجارى لقراءة التفاصيل عبر الراب,
504.0,ز للفن الراقي ولديها قبول واحساس وصوت روع,
505.0,م أهلاوى معقو,
506.0,لين يا ولاد الوثخه حكام معرصين صح,
507.0, ام تكبر بتتملي مسا,
508.0,شكوره ام عبدال,
509.0,ل ماتتكلم على الجول بولى الانذارين فيهم اي,
510.0,حلى ,
511.0,لوا الكلمة بسرعة في السر اهو تبقي اتقالت و خل,
512.0,حمد جمال فى معكم منى الشاذل,
513.0, هو العشري تربية جوزية بق,
514.0,ابن اللعيبة يا جو,
515.0,ا متفرجتش ع كيرمت وماتفرجتش ع ولا حلقه من هاو اي ميت يور ماذر اللي وخداه من يحيى من اسابيع وماتفرجتش ع سويني تود انا بائسه فشخ ح,
516.0, الزمالك خسر كا,
517.0,بك ياسطي وربن,
518.0,ا سماحة ياقلبنا ما تغبيش عننا لانك سرقتى قلوبنا كلن,
519.0,ش سامع صووت يع,
520.0,نت قد الوسط الرياضي روح استق,
521.0,نتى كمان والله يابسبو,
522.0,فيق السوء مثل البعوض لا تحس به إلا بعد اللسع مصطفى المنفلو,
523.0, يبدو انك حقا نسيتني الم تعد تهتم لامرى ما كان عليا ان احبك كثير,
524.0, بتتعافى خا,
525.0,ماه لو أني نزعت الجلد منوجهي لتنتعليه فانتعليه لا تحرميني ذلك الشرف الذيما زلت منذ وعيت أطمع فيه فواز الل,
526.0,,
527.0,تروقين اربعه امبارح ليهم عين يتكلمو بمناسبه ايه عايزه افه,
528.0, يا دو,
529.0,ل شيخنا ابنباز إذا صلى الخطيب أثناء خطبة الجمعة على الرسول عليه الصلاة والسلام فليصل المستمع على الرسول ولكن في نفسه لا يرفع بها صو,
530.0, ديني ظابط و عملي فول,
531.0,وف أنا عكيت الدنيا فى بع,
532.0,ندابن ماجه قال ما من جرعة أعظم أجرا عند الله من جرعة غيظ كظمها عبد ابتغاء وجه الله مقابلة السيئة والأسمى كظمها من أجل ل,
533.0,ا سماحة عنوان لفن فهى لديها موهبة شامل,
534.0,رب طارق العشري يدرب الأه,
535.0,نتى ملكيش عاز,
536.0,ا قلبي علييك عليك قل,
537.0,بنى دوب يا هو,
538.0,ا مش فاهمه حاجه من اللة ببقولوها بس متحمسه ومبسوطه بالاغنيه دعاء السبا,
539.0,في الاخر خسرنا بسبب الحكم واحمد سمير تغطيه الاول وبلنت التانى وباتشيكو اللى مجمد معروف وحفنى جن,
540.0,ا فيه ف مخه اهبل ,
541.0,خص الحياه فمن اتبع هداي فلا يضل ولا يشقي ومن اعرض عن ذكري فإن له معيشا ضنك,
542.0,عني باسم مزقش لطفي بعد ما الكورة وقعت من,
543.0,ى خدمه انت بس تؤمر,
544.0,ف السبيل إلى وصالك دل,
545.0, بقاش غير إبراهيم سعيد ك,
546.0,صل صاحب تويتر بيصحى متاخر شو,
547.0, الشاطرة جوزها ما يلعبش ف شجرة حد غيره,
548.0,كلة ليست فيمن يخذلك يخونك يوجعك يسحقك المشكلة هي أنك تتمكن من تصديق شخص نال منك مرة لتمنحه فرصة النيل منك أخر,
549.0,ها ايه خايف يقول وانا مش هقول كل اللى حاسه انا ب,
550.0,ساء الخير شارك ف هشتا,
551.0,تفرجوا علي الماتش الاول واتكلموا مش اي زيطه تكلموا ,
552.0,جزوا بقى يارب محمد يار,
553.0,علا انت محق إحساس صعب جدا ومؤ,
554.0,جى موتتنى ضحك بج,
555.0,ج ده بتاعنا النهاردة اوبا بقى المصريين اهما دعاء السباعي دعاء السبا,
556.0,لمصحف كاملا أحمدالعجم,
557.0,يس الحديدي لو كانت عايشه ايام الفرعنه كانت هتبقى اله التعري,
558.0,هبل انتبتلعب في عداد عمرك يا عبهادي بس انا برده منو,
559.0,ب انتي شايفه اي حاجه غلط حصلت ف,
560.0,غبات قلبي بين يديك يا ال,
561.0,رة اني هصلح العجله و انزل بيها في الاجازه مع صاحبي مسيطره عليا من الصبح و فرحان كأن العيد بكره الواحد اتهبل وال,
562.0,له خلتونى اعيط واتنطط من الفرحه واصرخ حسيت انكم التلاته اخدتو اللقب الحمدلله هايرجعو بالل,
563.0,ن فرحتى اللى متتوصفش ياناس يارب احمدك يارب مبرووك لشاهين وتحيا مصر بأول,
564.0,رووك لينا يا شاهين وكفايه فرحت كنوز معانا وليث وإسماعيل وعلوش وريتا بجد كلكم تستاهل كل خير ماعادا الحيوانة انفصام والكرومبه اللي م,
565.0, ابنى انتو وهو زمالك مين وانبى مين لسه فاضل ماتش الدورى بتاعنا يا خروف منك لي,
566.0,صيلة ى انشر,
567.0,روك طيب قلب شفته بحياتي شاهينوو تستاهل ياعسل والله ربنا يحميك ,
568.0,م عيد ميلاد المبدع العظيم صلاح جاهين الله يرحم,
569.0,روك ش,
570.0, انت بخيير يا كب,
571.0, اله الا انت سبحانك انى كنت من الظالمي,
572.0,ش بعرف اعمل ريبورت بلوك ,
573.0,نا ليا مين غيرك وهعيش لمين غي,
574.0, قربكم حي,
575.0,برروك رنوشتى ويستااهل ابن مصرر لوولى رنا س,
576.0,ه الحمد لله اتح,
577.0,ب اقول لي اتش انى لقيت الفرح بتع السودان طه سل,
578.0,جيبو الكلام لنفسه,
579.0,ا الاهلي يتغلب امبارح وناس تشمت والزمالك يتغلب النهردة وناس تشمت يبقي لسة مصر مفيهاش روح رياض,
580.0,طر زفت بردو متتخيرش ,
581.0,دقنى فاهمه وواثقه ان السيسى ميفرطش فى كرامه مصر اب,
582.0,فت فتي احلامي في لاتينو داون ,
583.0,ثر استفادتى من مادة الرياضيات ان السالب بعد السالب يعطى موجب للعقول الراق,
584.0,انا اشتقتلك اووى والله وحشتينى جد,
585.0,ك تكون بتشجع دي حاجه ف حد ذاتها شيء ايجابي لانك هتبقى ضامن انك داخل الجنه الزمالك متعود ع الخساره و مبيبطلش شتا,
586.0,يك قاعد لا تنسي اللي ما راح تنسيك انه ما في إشي تسو,
587.0,,
588.0,نت على الموبيل ولا الكمبيوت,
589.0,صلاا ليث ده مصرري ليث أبو جو,
590.0,ا تدين تدا,
591.0,ه انكر صوته احلى وما شاء الله محبوب ومعظم فانز الطلاب كانوا معاه وكله بيصوت,
592.0,ضحتنا ليه تشمت فينا الزملكاويه اللي هما اصلا متعودين ع الخساره ليه كدا يااخي دي عمرها ماحص,
593.0,ش عارفه اقول غير ربنا موج,
594.0,روك شاهينو سنة لمصر اخي,
595.0,ني الحقيقى لكلمة الكريس,
596.0,ب حد يجي يشلنى من فيديو رنا وهى بتزغرط ده ايه يا جدعان الحلاوه دى والكواته دى يخربيتك عيدته مرات مش زهق,
597.0,هرجان القمة و اسلام فانا النسخة الشعب,
598.0,انتي نور,
599.0,ا عنجد المفروض انو هي احلى ايام حياتي لا عنجد عنجد ط,
600.0,تقد لو كتبت ف البايو هطلع لفنون ف والجو ده اك,
601.0,ا ثواني كدة عشان افهم ايه هي اللي جميله زي هندسه انت قصدك تخصص ديك,
602.0,مالبم من يوم الجول ال انت رشقتوا فيهم وانت عملهم حرقان غير عا,
603.0, انت فاكر يا يونس سيلفيا زي القصة بتاعة زمان سيلفيا تعو,
604.0,نه سعيده علينا يا يونس وعلى مصر كلها يارب وربنا يحمينا كلنا ويحفظ مصر ويارب نحقق احلامنا يارب بخير وسعا,
605.0,رد التفكير ف أني اصحى وملاقيش في حياتي يبقى اتحكم عليا بالاعدام ربنا يديكي طوله العم,
606.0,نا عطا الاحساس الجا,
607.0,عليكم السلام وصباح النو,
608.0, فرق بين إنك اتفشخت وإتغلبت وإنك إتظلمت وإتغلب,
609.0, ناس يا اوفر بالفطرة مش كده وربن,
610.0,رح وأبتسم مهما أشتد بى البلاء فهو يزيدن,
611.0,نا عطا ممكن حد يجبلي رابط اي حساب بينزل صور الطلاب وهما بالسهره لاني عايزه اشوف ,
612.0, والنسكافيه اوعي تكوني نسيتي وفكري عمتو بعصير اليوستفندي اللي فضل سر ماب,
613.0,حت فين فيك,
614.0,ا و إنت مين ضيع حبنا بايد,
615.0, أية الحزن د,
616.0,كندرانى اهلاووى وافتخر مبرووك للاتحاد سيد البلد وسنظل اوفياء لنادينا النادى الاهل,
617.0,حانك اللهم وبحمدك أشهد أن لا إله إلا أنت أستغفرك وأتوب إل,
618.0,ان محدش يزعل على الحلوة والمرة معا,
619.0,ل عام واهل المحروسة بخير وعام أفضل ومشرق إنشأالله أم ال,
620.0,اس مكنتش تتوقع انهم ممكن يقفوا جنبك مكنتش تتوقع انهم ممكن يكونوا قريبين منك مكنتش تتوقع انهم ممكن يدخلوا حياتك في الاس,
621.0,ظر في قلبك ستر,
622.0,اوي يرجع الماتش الجي بقى وكفايه قله اد,
623.0,ت عارف ولاد الوسخة لية مش بيموتوا عشان الوسخة ولاد,
624.0,ا لو رئيس الزمالك وعارف اد ايه قيمه المنصب ده كنت هعرف ان مينفعش بعد كل ماتش اتكلم وشعوذه وسحر واشتم فناس انا عندي سن,
625.0,ت ليه مبتردش ع الموبايل كان سايلنت و ليه عامله سايلنت عشان لما تتصل أقولك إني مردتش عشان كان سايلن,
626.0,ل ما هو ات وماهو موجود بأمر ال,
627.0,س تخيل فرقة كان فيها النني ورزق وباسم علي ومحمد صلاح مع بعض وتقريبا محمود عزت كمان بس بيهاجم برضا لوي,
628.0,زاكم الله خي,
629.0,رتني ما فتحت الواتس جو عشق ممنوع مفيش مرعاة لاحساسك ولا لحب,
630.0, للاحزان و التوهه للإنسان و اليأس للأ,
631.0,مكن الينك يتنشر عايزين نتفرج عليها الحفله ,
632.0, تحكيش حاجا لحد هتا لو كان اوريب منك عشان هيروه يحكى لل اوريب من,
633.0,ردو بتجبلي سيرة المزاكرة انت حمار يا عبدو انت حمار يسطى ولا ايه وسك على حوار الطلبة دلوقتي فتحي مش م,
634.0,اا فووق وحباا تح,
635.0,وان ع نسووان فقر طوول عمره,
636.0,ا عايزه انجح من غير مذاكر ممك,
637.0, لغات العالم حبيتك و الله العال,
638.0,ان عندنا مدرس بيضربنا بجلدة حمير واحنا كنا نقعد نيناونوله صوت القطه يعني ف الفصل ونروشه بس كان بيفتري علينا الصراح,
639.0,روك يا ابن مص,
640.0,اهو انا بطلت بس اللي شيلته تعبني ن,
641.0,عد روحك يا جاكي,
642.0,نول جوزية قال كل حاجة لباتشيكو فى الدوري المصرى الا انو لما الحكم يكون غبي و معر المفروض يقلعلة هدوم,
643.0,هاا الي كيفك مجوز توا انت مش مزال يق,
644.0,ى فرحة ميناا وشيريين لاخوهم شاهين هما دول ولاد البلد وهى دى مصر,
645.0,افراد لانهم متعودين علي الاشتباكات مع الامن ودي كانت تجربة مفيدة فادتهم في الثورة الانتصارات القومية ب,
646.0, كلام النجم محمد حماقي عن فكواليس البرايم الواضح ان حماقي ال عجبه وركز معاه هو مينا عط,
647.0,ا مش كل الاولتراس شباب جامعي انا كان معايا عربجية ح,
648.0,من حيث لا تدرى كدا تبقى مخنوق دا اكيد سببه ان انت عبيت وشلت جواك كتير لحد لما مبقاش فى حيز يساع اكتر من ك,
649.0, انا بجد عايز اروح ومش عارف تعبان نيك مش هقدر اسوق حد يجي يروحني يا ج,
650.0,وة الجوع تتغلب احيانا ع الشهوه الجنس,
651.0,كن يكون اكتر حاجة بسطتك وفرحان بيها تكون هى مصدر تعاستك فى الحياة والعكس صحي,
652.0,ا يعني كنت شوفت لنفسي يا ديحو وبعدين هشام أكبر منك ب سنين يعني قدامه شوية ويموت انت لسه شب,
653.0, بسق,
654.0,عني كانو ضد الثورة ونجحو الاخ,
655.0,سبي الله ونعم الوكيل دول كلاب معندهمش لا دين ولا عقل و الشامت له يوم والله ف الجنة يا شهيد الواجب ال,
656.0,يزيين فيديوو بلي,
657.0,ي ذا واي انا ملت من السياسه وكمان الماتشات فاضل ايه كده نهري في,
658.0,ه بقي وحش يعن,
659.0,لي احبك كي تزيد وسامتي ف بغير حبك لا اكون و,
660.0, اللي يومها فرحته معاك بيع,
661.0,حب الندل زى الكلوت لا منه يستر ولا منه يد,
662.0,اضروس الحرية الزائدة مضرة ويجب تشديد الرقابة على الإنترنت مش ناقص كمان غير انه يطلب بمحاكم التفتيش بتاعه العصور الوس,
663.0,,
664.0,ا امتي نسيتك ولا عشان انا مش بتكل,
665.0,ار قريش دول كانو ود وسخه جاحدين اووى بقى النبى يعرض عليكم تدخلو اسم وتدخلو الجنه وترفضوا كانو هيخسروا ايه يعنى مش احسن من اصن,
666.0,فيديو شريف مدكور هعرض ثواني من أغنية الكريسماس عشان الباقي عي,
667.0,له انا بغير جدا على أختي مش عارف ل,
668.0,يوة مش ده اللى قناة الشرق جابته ده عندى فى الاصدقاء على الفيس واعر,
669.0,لخوف اللى يخليك مش عارف تفرح دا من اسخف الحاجات ف ال,
670.0,غروطة لرنا سماحة عقب فوز شاهين بلقب ستار أكاديمي زغروطة لرنا سماح,
671.0,عون آبو الآحت,
672.0,ية على الفيس بوك ياكابتن وانت حاليا بتلعب فى نادى ا,
673.0,رف على لهاتفك الذكي وقم بتنزيله اليوم م,
674.0,نا عيز اتعرف علي,
675.0,ن ملوش جيوب يتحط فيها الفل,
676.0,متحانى بكره بس ك,
677.0,ل عام وحبك الأجمل يا مضوي شمعة سنيني كل عام وأنت الأول في حياتي وقلبي و,
678.0,ل بيض احا نيك يا نادى معرض مل,
679.0,وقع تعليمي للاطفا,
680.0,يوم ما حبها حبها من ضحكته,
681.0,وم كلنا ح,
682.0,هي خلصت الحكاية بالخير افت,
683.0,ستيلو المنتزه بقا خره ن,
684.0,هم شئ الطاع,
685.0,وه بقى يا مينوو وحشت,
686.0,رى جون الاول جول واحمد الله لانها لم يحتسب كاد انا يغير الناتيجه احا نعملكوا ايه تانى يا ولاد المره عوزين حكم من الصين حكم ,
687.0,زاي اسم,
,ن الذين يعيشون على الأرض ليسوا ملائكة بل بشر قد يصيبوا وقد يخطئوا فلا يجوز أن أحكم على شخص من موقف واحد تعاملت معه ف,pos
,ل سنة وانتم طيبي,pos
,انتهى مشوار الخ,neg
, عارف ابتدى مذاكره م,neg
,ختصروا الطريق بدلا من إختيار المنصف ثم الانقلاب عليه يبدو أن الدولة العميقة ضاربة بجذورها فى دول العالم النامى ك,neg
, خانت المرأة فهي تبحث عن الإهتمام و إذ خان الرجل فهو يبحث عن عاه,neg
, حبيبتي البعد ناار قلبي داب من الانتظا,pos
, سامحك الله من علمك أن تكون خي,neg
, مالها قفلت من كل حتة كده ليي,neg
,س اللى حضرت حفلات البرلمان القديم ياريت ما يحضروش الحفلة اللى جاية وخاصة ان مفيهاش رقص المرة د,neg
,بنا يحميك انتا وزكرياا بس تعالا هنا مش تباركل,pos
,ما نظم العدالة الإجتماعية فتبعث على الإطمئنان والفضيلة يعني كل المشاكل الموجودة الان لم تكن موجودة أيام ,pos
,ه الدنيا كتاب أنت فيه الفكر ده كلام أغنية رومانسية م كلثوم و ده دليل علی إننا دلوقتي عايشين في بلاعة مجاري فكرية كبيرة و ال,neg
,تشجيني معانيها و ارددها و اغنيها و أنا سهران و يجي النوم يناديني الاقي الشوق يصحيني على الح,pos
,كرا يادكت,pos
,نلأبوأم الجنتله يا ع,neg
,ناا محدش يعلة عليناابس كدة وصلتشكر,neg
,لا يا عفيفي انت ديما بتنسينا الهم والقرف بفيديو يجيب من الاخ,pos
,ا ده اسمه علي اسم الغالي اسمه احم,pos
,ا ايه رايك اقوله ايه بقا انا بقول مودي حل,pos
,ا بن الصرمة دا لسه فى الفيلدز بس وحاجه بلاعات خا,neg
,انا هفضل ابني سفينتي حتي و لو شربتو الب,pos
,ية يعني تروح متجيش وايه يعني هواها مفي,neg
,سي كده في فلورز كتيي,pos
,ت اخويا الكبير و اخويا فالدم ياع,pos
,ن أموت لا تحزنوا فإنه مجرد وقت وتنسوني كما نسيتوني وانا ,neg
,دما يتذكر المؤمن أن الأمر كله لله وأن حياته تجري عليها أقدار الله واختياره له فحتما سيطمئن قل,pos
,ام اللى مرتضى منصور ماشى به ده انه يمشى مدرب بعد كل ماتش هيخسره هيودينا فى داهيه وفى الاخر هينافس الاهلى عل المركز السا,neg
,عاء السباعي دودو و,pos
,نا نهي سنفورة القهوة ادير,neu
,,pos
,ني ولا سوني افضل بلاش فت,neu
,هم حاجة البورتلاندى أصل لمؤغذة العمود من دول لازم يبقى متيي,pos
,تى اخر نقطه ندم جوايا من ناحيت,neg
,ا تعتبر حد عايش انه مات دى بتبقى اصعي من مو,neg
,ين عايز يسمع رايديو ر,neu
,س الحق يتقال مسلسل فشيخ بصراح,pos
,ه ماشي خ,pos
,قدنا فيك الأمل مفيش منك رجا رمينا طوبتك من ز,neg
,اامد مالوش ,pos
,ل الحسن البصري رحمه الله أين تجد الراحة فقال سجدة بعد غفلة وتوبة بعد ذ,neu
,مت أحلام و عشت أيام و غنيت الهوى أنغ,pos
,له ليله عمر,pos
,ه يخرب بيتك يامر,neg
,حضرتك بألف صحة وخير وكل أيامك فر,pos
,يتثبت بل,neg
,تدى انام بدرى بقى واقوم بدرى عشان اذاكر والحوارات دى خرة مش بتيجي معايا سك,neg
,ا باجى على الوقت ده و ببقى عاملة كدة سورى آم نوت سو,neg
,كيد طبعا شرف ليكم يا خدم الزو,neg
,كن الرجوله صعبه عليك بس مو ضروري تصير نثي,neg
, اجمل ايام حياتي بجد علي حبي,pos
,اطب الشيب وافاني على صغر عجلت أم عادني همي على عجل هذا البياض الذي في مفرقي لغة قرأت فيها فصول اليأس والأ,neg
,ش حوار هسقط,neg
,ت اعلم يا الل,pos
, يطنش يطنش بكرة يتط,neg
,نا عرفت في ديمسبر ياسوكا وهنهي معاك في ديسمب,neg
,ل سنه وانت طيب ياصاحبي وعقبال سنه ويارب سنه سعيده عليك وتحقق فيها كل احلام,pos
,نا ليه اصحي الساعه الصبح عشان انزل درس ليه ه,neg
,,pos
,د لله على العلامات السريعة القاطعة الشاف,pos
, ايه المشكله و احنا بلد فشل فيها زويل ونجحت فيها صاف,neg
,بك ملكك متشغلوش باى ح,pos
,تيار قصة سيدى الحارث تربيزة خبط بالعقل أغنيةكام واحد لزاب يخت عالقهوة افضل ضيف زاب ثروت اشهر زبون لكلو,pos
,ا إله إلا الله العظيم الحليم لا إله إلا الله رب العرش العظيم لا إله إلا الله رب السماوات ورب الأرض ورب العرش الكر,neu
,عاكي حق بس كمدافع بيقطع كرات كو,pos
, مش بيحبك هو حافظ كام كلمه و ماشي يقولها لأي بنت يقا,neg
,لحقيقة مبتزعل,pos
,مر سمره يحكي ان افضل قصه الزئبق الاحمر افضل اغنيه ناس تشبهلنا اشهر زبون لكلوك القهوه افضل حمله خروف,pos
, كب,pos
,مال بودي جارد القهوه الزئبق الاحمر ناس تشبهلنا التبرع بال,neu
,كت من برا بس راديو من,neg
,لانتخابات اولاالدستوراولاالنتيجة واح,neg
,يت بحس ان الايموشن دا قليل الادب او بيدي ايحائات بكد,neg
,لي مبارك ابن ميتين الك,neg
,نتش اعرف اني بعرف احب بالكميات دي ف نفس الوقت والله الواحد بيكتشف قدرات مريبة ج,pos
,مد الوحيد اللي معندوش امتحان ونايم بد,neu
,اء بيجيب ورا ,neg
,ريبا كده هنام سل,neu
,نا ف حقوق اهو يا ميرف,neu
,ني السلام على من لست اهواه ولا يمل لساني عن ذكراه فان غاب عيني فالقلب مصدر,pos
,يلة وسخة بس بننج,neg
,ه عحبتني سطر الن,pos
,ا لما مش بلاقي حد اشتغلة بقعد اشتغل في نفسي و اضح,pos
, غر,neg
,كن اكون الوحيد المستفاد من عشان لسبب بسيط جربت فيها كل الحرمات و ريحت دماغي من كل حاجه كان عندي فضول,pos
,لص رح اسامحها لأنو حكت الحكي اللي كان نفسي احكيه وما كنت حابة افضح ابتسام بس الحمد لله الله كب,pos
,دة الناس اللي بيتكلموا عن الفضيلة مش بيمل,neg
,صفتك بنت وفاهمه البنات استفدت منك في معلومه كنت بتجاهلها نفسى يبقى ليا اخت زيك وتفهمني ولما احب واحده تقولي يا حمار اعملها ك,pos
, بتقشرو البرتقان ازااي ماسك برتقانه بقالي ساعه مش عارف اقشرها لما شرحته,neg
,نا مهما اقع راح اقوم ودى مسألة مب,pos
, فضلت مع الناس و العادات و التقاليد و الهبل ده حياتك هتنتهي قبل ما تبتد,neg
,يك ان تتعلم جيدا كيف تقفز على رأ,neu
,م لك وصباحك ع,pos
,ا اقدم عاصمه للح,neg
,,pos
,تتحاسبى على اى استخدام خارج فيس بوك و تويتر وواتس آب ب قرش للميجابايت الواحد,neu
,ى الحشيش بيقلب المواجع و بقى يطلب بن,neg
,ه خلص وانت بخير وبنحكي كمان ,pos
,تها بيوهب قلبي ح,pos
, بمتح,neu
,ارت حاسمه ع شخص لا يعتمد عليه مكنتش عايز تعزمه يا ظا,neg
,بعا دي كانت تبقى كارثة چ,neg
,لصحيه توفر نفقات الدواء والعلاج التى تعجز الحكومه عن تدبيرها لكل المصريين مقالى بالجمهوريه السب,neu
,عم يا ريس لكن الكثير من الناس سوف يستغل هذا اللفظ خطأ لاننا صرفنا ارباح هذه الاموال للعملاء طوال هذه الفت,neg
,يت ,pos
,لنملة أصغر وللا البرغوت التمر حنة القملة السمس,neu
,ه يوفقك وتوصل لاعلا مرحلة بالدنيبتستاهل كل الخير لانك وائل وبكفي انك وائللك بعشق,pos
,لحقيقه بدت مثل الخيال هو عدوي واذكا حبيب كل ماقفيت ناداني تعال لذه الحب في الشيء القل,pos
,لاسف ماعندي ع,neg
,ه كل دول عيالى ا,neu
,ت من نوم اغني شو اخبارك لنوال الزغبي مع ان مش وقتها بس حب,pos
,ا بالعكس الباثولوجي انا كنت بحبه,pos
,رد وقت الذروه ليتمكن اكبر عدد من المتابعين من مشاهدتها ماهو اربعه الفجر ماحد حو,neu
,رضو مش فاهم لول معلش مسطلة مع ,neu
,مام انا محتاجة النسخة الكاملة من اكتاب ضرو,neu
,دق اتل,neu
,لوا العرص هل تعلم نسبة البطالة في مصر قال المصريين كلهم أبطال اعم مش فاضى انا بحارب الارهاب المختمل تحيا ماس,neg
,ي و بسكويت للمره الرابعه علي التواز,neu
,نهمر ف البكااء مره اخر,neg
,ير داخليةالانقلاب بيقول نعيش عصرا ذهبيا لتكاتف القضاء مع الشرطة والجيش و الاعلام و الشعب مش هيتكاتف و الا هايتضرب على قفاة بس ياح,neg
,ش على مبدأ اللهم نفس,neg
,نزل دمعه علي حد لانك لو ليك قيمه عندو مش هيوصلك انك تع,neg
,له انا كتبها عشان كدة برافو عليك,pos
,اهاها يا عم ماشى دول ق,neu
,ا كنت متخلف وقذر لما كنت بسمع داا ايه الكلاام الى بيقولو دا وايه الطريقه الزفت دى مش عاارف كنت بسمعو ازا,neg
,بق و تم هذا الا,neu
,ية كلبة جد,neg
,مينة كنت عاوزة نمرتك دى ,neu
,راام الظلم التحكيمي الفاجر ,neg
,تمنى تكون الفنانة رنا سماحة من ضمن المرشحين بليز,pos
,ش عارف بصراحه انا مجرب,neu
, حد ميت يوحشك و تفضل تفتكر مواقف ليه معاك تضحك لحد ما تدم,neg
,,pos
,ل سنة وانت طيب طيب نؤجل التهنئة ليوم ابريل يوم مولدي ينف,pos
,ت عارف ليه بحبك ليه و حبك ليه بيحلالي علشان بتكون عاشق مجنون و حبك ليا مالي الكون و بتبقى بريء ساعات و جريء ولا قلبي عليك ب,pos
,تك تعيش بعدى الحي,pos
,عليك قبلنا يانجم النجوم ياعندليب الحب والاحس,pos
,اباشا انا تحت امرك بس انت قول جزر هاتلاقيني خلينا بعد يناير علشان الزح,pos
,يثوو شرف تويت,pos
, غير ما تتكلمي مدى العيون سل,pos
,تك ده ايه الله عليه ملايكة بيغنو,pos
,سبى الله ونعم الوكيل فيك سي,neg
,ا هذا الشعب مش بشاير فبرا,neu
,ا حاج فوزي مسا مسا و لا يهمك خودي الاكونت كله اص,pos
,ر ج,pos
,نا بحكي طرمس و كل جبل القصور بحكوا طرم,neu
,او زيكو وبيتى قمراات ربنا يحفظه,pos
,تح التلفزيون تطلع لك خميس الحديد,neg
,ما اشو,neu
,ين الناس ,neu
,ذا بتنحاز تماما لهم نحاز فيهن ع فلسطين وحرر بلدك يا بطل مش تكونو اعداء لدولة احتضنتكن لعشرات سنين واكلتو من خيرا,neg
,م اكتب لي ماهو خير لي وارضني ,pos
,ستر الله ماطلعتوش من بنغا,neu
,ي لنفسك حدود لا انت و غيرك يتعدوه,neu
,كونا متاتا ايام البرا,pos
,يش متابعه الشهر ده ولا الشهر اللى جاى و ياريت متتعولقش اكتر من ك,neg
,هة رنا سماحة اللي صوتها مش واو صفحتها معدية المليون و في الاحسن منها لليليا عدت الربع مليون بالعافية عمرها ما كانت بالا,neg
,ايه الى ميخلكيش تدخلى صيد,neu
, ملكه انا اشرف من الار,neu
,عيد لا دفاع ولا هجوم بس اوت تكملة عدد للفر,neg
, يحبك حقا لن يجرؤ على مرور الوقت بدونك س يحن س يشتاق س يتألم س يصنع المستحيل ليحادث,pos
,ا زهقت اوي و الله احيه كل ما اذاكر حاجه انسي التا,neg
,ش هتاخد تلت سا,neu
,ه حبيبي انا اقدر علي زعلك والله مق,pos
,اتار منار حلوه فعلا والايموشن بتاعها ده معبر او,pos
,نيا سيرك و مسرحيه و ناس كتير عينيها علي,neg
,شبك حلمك بحل,neu
,اتوولي رقم دعاء حاالا لازم تاخدوا نصيبكو,neu
,س الى روحنا تشبه روحه,pos
, لازم كل القريبين منك يعرفوا كل كبيرة وصغيرة عنك في حاجات لازم تحتفظ بيها لنفسك ,neu
,صعب عليا الناس الي عندي الي ف كليه الي مش فاهمين حاجه ف المزيكا وبيعدوا وبيعشوا حياتهم عشان يبقوا مدرسين موسيقي ف الا,neg
,عرف قيمة ب,pos
,نا هذا الشخص المتنيل على ع,neg
,ه يكثر من أمثا,pos
,ا حبيبتشي يا مرو,pos
,وبنا مش بنخبيهاغلاططنه و بنفتخر بيه مش مكسوفين ولاندمنين عيشت الحرام سايقين ,neg
,يد ه تقيله مع,neg
,وحرام عليك الحين وين اللآقي جبهتي بال,neg
, لا يعرف سن ولا ملة ولا زمن ولا ظروف الحب مساحة شاسعه خارج حدود المنط,pos
,ان هيجيب هدايا رخيصة للفقرا ويجامل بالهدايا الغالية اغ,neg
,جدعان المحاسبة دى بنت وسخة وال,neg
,ا فيلمى من اجل امر,neu
,فسى مره واحده اشوف الريتويت قد الفيفوريت نفسى ياارب يسمعوا الكلام شيرين يحي,neu
, المشاعر تنام وبالها خالي محد سواك انت ضحكها و بكاها لحالي ووقتي الحالي مهو حالي والذكريات الثقيلة كيف بنساه,pos
,توا ازاى قدرتوا تحدوا من النسل فى البلد المهم العميد دا رد عليه بيقوله احنا نقصنا بنسبه مليون نسمه فى خلاص سنوات ال,neg
,ا تحسبي أني على البعد نادم ولا القلب في نار الغرام معذب وقد قلت إني قد سلوت عن الهوى ومن كان مثلي لا يقول ويك,neg
,د هرمنا من اجل هذه اللحظه هنسقط يا موز,neg
,ذا الفاشل تخرج بنظام التحسين اخترا,neg
,لم بيك أنا بحلم بيك تارارا را ر,pos
,بعا,pos
,وت صرصور الحق,neu
,كلة مش بس في اني علق لا الموضوع تتطور وبقيت بوهم نفسي اني هانتفض وهاخلص مذاكرة قبل الامتحان وهانجح كمانكسم خيالي الواسع ي,neg
,بارح كنت بقول لو آفترقنا طول حياتي دي نهايتها وآنهارده بقيت بقول موش عايز حد قدامي يجيب سيرته,neg
,ت نفسك تبني دنياا طعم تااني و حاجة ,pos
, فعلا عايز تبدأ صفحة جديدة ف حياتك لازم تبطل تقرا في الصفحة القدي,neu
,اح الخير على كل الموجودين فيه حد ندردش معاه او م,pos
,يطمئن قلبك انك بين عيناي وداخل,pos
, اني اتوه اذا نظرت لعينيك رغما عن ثبا,pos
,ل واحد غنى اغنيه وهى ما غنتش اغنيتها بس طبعا كانت كيوت هى ومينا وشيرين بس الحقينى بالينك تاهه منى دعاء السبا,pos
,ار ان نجد هذا التدني المطلوب سرعة التحقيق ولوثبت ادانه يكون الف,neg
,ا مفيش حد صاحى غيرى انا ولا ا,neu
,لهم إغفر لنا ولجميع أمة المسلمين واشفي مرضانا ومرضى جميع المسلمين وانصر أهلنا في الشام وفلسطين والعراق واليمن وسائر بد المس,pos
,ومال لونها فاتح كده ليه السكر مفتحها ياعم حاطط معلقة سكر او اك,neu
,مه واحده يوم واحد تصرف واحد صدفه واحده ممكن تغيرك كتي,neu
,ده لما تحتاجها مش هتلاقيه,neg
, اغانى تانيه بس مش فاكرة حاجة غير دلوقت,neu
,د بكذب وبحكي بكره بصحى الصبح بكير بد,neg
,ا بت ميتين اللبوة ابعتيلى رقمك دى ,neg
, احبك بصدق ابعد عنك كل ما يجرح,pos
,لا تكونوا كالذين نسوا الله ف أنساهم انفسهم استغفر الله العظيم واتوب الي,neu
, شيء تحب أن تحصل عليه يجب عليك أن تدفع ثمنه والثمن هو دائما العمل الصبر الحب التضحية في سبيل تحقيق,neu
,س هتصحى وناس ه,neu
,لقصة مسليه ف,pos
,ا ديني ع الضييحك ,pos
,لاء الغطريفى يكتب عن التعذيب أتحد,neu
,س الكلام واص,pos
,ه معلش انا هخلكى تكلمى زى الحمار كده وزى الغله لى بتشجعهاا مش هرد عليكى عشان انتى محروق دمك يعنى ,neg
,رعه الي من تبوك ت,neu
,ا تتحقق أحلامك ماتنساش تدفع ديونك القدي,neu
,مي صاحية بتهيب اي,neg
,م أغننا بحلالك عن حرامك وبفضلك عمن سو,pos
,ايب كول مع ظاظا تلت ساعات ونص عشان نخلص سكشن تمانية وهنام وش الصب,neg
,بب تعبى لانه عشانك راضية بغلبى لانه معا,pos
,نيه تمريض بخميس مشيط ابي بديله لمنطقه تبو,neu
,عتين لله في هذا الوقت لعل ربي يستجب دع,pos
,ارب انا امنيةي حياتى ابقى والناس تتصور معايا فرحه من عن,pos
,ه ربي يسع,pos
,اريت بني زيد كلها تنباد حاج ت,neg
,يوه بقى يا سلام على الكل,pos
,لا بيفرق اي حد الكاميرات عليه بيتكلم ويقول ويعيد ويرجع يكدب والاعلام لمؤاخذه بيعرض علي,neg
,رتك شايف هتبقي ازاي ,neu
,فظوا على الصلوات والصلاة الوسطى وقوموا لله قانتين سورة البقر,neu
,حسن من البغله هى وامهاا لى مش عارفه تربيهاا كو,neg
,ه مسخره هه موتنى ض,pos
,سلملي يا شيري انتي الاحسن يا جميله وان شاء الله سنة سعيده علينا جميع,pos
,لتلي ريتويت اذا هي جميل,pos
,لحب الحب الشوق الش,pos
,اه عاوزين يتعالجوا و يتفسحوا من جيوب المواطنين اخص على ش,neg
,لطجية هه طب خدى بلطجية ف ايدك وعلى اقرب اسم شرطة وقدمى بلاغ يامعفنة ,neg
,يلم مسدسات شك,neu
,لرسول الاكرم محمد صلى الله عليه وسلم سؤل عن سبب صيام يوم الاثنين فقال يوم ولدت فيه فكان يعظم يوم ولادته بالصيام ل,neu
,حالوردلكلمو,pos
,بدا التصوف الحق هو العمل بطاعة الله مع العلم وهو الاسلام بعي,pos
,,neu
,باح الخير ممكن استفسار عن مشكلة با اتصال الانترنت ارجو اضافتي ل ارسال الاستفسار على الخاص ودمت,neu
,ا رب اعطنا من الخشية ما نبكي به على ذنوبنا ومن الثقة بك ما نواجه به صعاب الدنيا مبتسمي,pos
,,pos
,رجو ان نستمتع بمتابعت بعضن,pos
,نتى يابت حافظة مش فاهمة معندكيش غير الجرجير يابت خافى على نفسك احنا المصريين ب,neg
,حسن من الدعاره برده لمو بنتكم من ع الرجاله الاول و بعدين اتكلمو احنا اشرف ن,neg
,علا ماحدى بيسلم من الخنائة كل يوم ,neg
,ل هو الله أحد الله الصمد لم يلد ولم يولد ولم يكن له كفوا أح,neu
,ل سورة الإخلاص عن أبي سعيد الخدري أن النبي قال في قل هو الله أحد والذي نفسي بيده إنها لتعدل ثلث القرآنرواه البخا,neu
,من الصحابة من هو آثر الفقر الطاعة لله على ان يسال الناس الحاجة مع العلم والع,neu
,يبك منها ياسوما يالا نروح ننام وسيبيها تنبح زى الكل,neg
,ثير من الصحابة والتابعين كانوا متصوفبن اي زاهدين تاركن اهواء الدنيا للاخرة الباق,neu
, مش ساقعه الجو تلج انا مش حاسه بجسمي كله من كتر التل,neg
,نتى مال امك انتى لى المفروض تمشى انا لى عمله التاق ,neg
,بت بقى يا ربي يومين مش بنام بسبب حتة لوجو ده انت ولا منك رسمة ولا منك كتابة اصلا يا لوجو ي,neg
,اح المطرصباح الرضا بماقدارصباح ابلون الزهرصباح الفرح من الاخ,pos
,احكو بيض,pos
,ما فعل سيدنا عثمان ابن عفان لما جمع المصحف بين الدفتين وامر بكتابته كان اول من نقطه سيدنا ابن يعم,neu
,اذه مكافئه في الدنيا فكيف مكافئة الله بالآخ,pos
,س معد ليوم الحرب أما النصرة فمن ال,neu
,شق بكل ,pos
,ش ااستشهاد عريف شرطة وإصابة آخر إثر قيام مجهولين يستقلان دراجة بخارية باطلاق النار عليهما بميدان سفنكس بالمهندسي,neu
,تستحق النفس بعد كل مرحلة تقطعها من الحياة أن نعيد النظر فيما أصابها من غنم أو غر,neu
,باح الجمال رض,pos
,اح الورد جميعا مدينة الشيخ زاي,pos
,ريجاني بعد عودته من جولته الإقليمية هناك انسجام فكري واضح بين و و حيال القضايا المهمة في المنط,neu
,كلناا على الله يارب ,pos
,يضا يوجد مصلحة عامة لتنظيمكم في حال تحرير الطيار ستظهر مصلحة التنظيم في الايام القادمة لا تنسى تعاطف الشعب الاردني ,pos
, تعطي أحد أكثر من حق,neu
,باحك بيضحك بأذن ال,pos
,ح ل,pos
,ش الباكستاني يعلن مقتل مسلحا في غارات شنتها الطائرات الحربي,neu
,يا جميلة بمعانيها السامية جميلة بالقلوب الغاليه التي تبث فينا الأمل والتي تشعرنا دائما بالود والمحبةأسأل الله تكون أيامكم كلها سعا,pos
, البشر عند الموت وفي البرز,neu
,ف يكون للمستحيل معنى وانت تعلم ان اللة على كل س شى قد,pos
,كل اللى فى تويتر صباح الفل والعسل والياسمين للى صبحنا عليه واللى مصبحناش علي,pos
,يتو لو شفقان علينا ما اظنك يوم تسا,neg
,ل مفيش شغل سفر مفيش سفر حتي النوم مفيش نو,neg
,شان اخدك من على اول الشارع و نمشى شارع مؤمن دا مع ب,neu
,رع حلميه الز,neu
,با فلا ابلي ولكن عافيتك اوسع لي اللهم اعوز بنور وجهك الذي اشرقت به الظلمات وصلح علي امر الدنيا و الاخرة ما ان ينزل غبضك او يحل علي سخ,pos
,حك س,pos
,زكر كان عندي امتحان علوم تجريبي وكنت صف خامس ورايحة ومش دارسة ف بدا القصف ونص وسحبت حالي وشردت جراي ع الدار ينعنها من اي,neg
,قف حاجز ضهر البيدر و ر نيجيري بجرم ترويج عملة مزيف,neu
, بالجهل الفضل شلق يكتب علمت شيئا وغابت عنك أشياء ما نجهل أكبر بكثير مما نعر,neu
,جز العربي,neu
,ر م,pos
,س في إسلامنا ما نخجل منه وما نضطر للدفاع عنه وليس فيه ما نتدسس به للناس تدسسا أو ما نتلعثم في الجهر به على حقيق,pos
,ارب ويسعد,pos
,م وأحفظ أحبتي وغبنتي من كل سوء اللهم وأجرنا من مضلات الفتن ما أبق,pos
,صل بنا واقض أجمل الأوقات في تركيا فايبر واتسأب تانغ,neu
,د ياكل الحسنات كما تاكل النارالح,neu
,كن كلامك مع من حولك عنوانه دائما الإيجابية والتفاؤل وأساسه محبة الخير للغير صباح ال خ,pos
,اعم ملعون ابوة على ابوك انتة واجع دماغى اهلى لي على الصبح قوم يابنى شوفالك لع,neg
,م الوزيرالعلقمي وازمه الذين فتحواابواب بغدادللتتارالمغول هم احفاد ابي رغال رائدالعدروالخ,neg
,عدلى هالصباح على عيونكو الحل,pos
,ينا اتنين غراب عن ب,neg
, تظهر للمتحدث معرفتك بكل معلومة هو يتحدث عنها فالإنصات نصف الأ,neu
,باح الفل والعسل والياسمين بق,pos
, أعوذ برب الفلق من شر ماخلق ومن شر غاسق إذا وقب ومن شر النفاثات في العقد ومن شر حاسد إذا ح,neu
,انهاار ج,neg
,ي كل من شارع النيل بجانب برج الاتصالات والساحة الخضراء في الثلاث ايام ذاتها منظمة منتدى الشباب منظمة الوصول للرعاية الإنس,neu
,به الحياة ديوان جديد للشاعرة أميرة الأدهم عن دار ميري,neu
,ا ينضم لجماعة أخوان ألا من كان غبي أذكر أمامة السيسي محمد بن زايد عبد اللهوسينهار وينكشف ويظهر انتمائه للخ,neg
,م لا سهل الا ما جعلته سهلا الله يوفق كل طلاب التوجيهي وما يضيعلهم تعب دعواتكم لاخت,pos
,يت جميل ياريتني ضله عاشق الجمال والحسن ده كله ومن الشباك لارميلك حالي من كتر خوفي عليك ما ب,pos
,ض على عناصر إرهابية وتدمير بؤر ب في حملة أمنية ,neu
,حلى من احلى حاجة حصلت فى كل سنة وانتى معايا دايم,pos
,تابعة حركة المرور والأزدحام بشوارع وميادين القاهرة لصباح يوم ديسمب,neu
,لى ,pos
,ل أنا يوسف وهذا أخي قد من الله علينا إنه من يتق ويصبر فإن الله لا يضيع أجر المحسنين ذكر منة الله بالتقوى والصبر وعدل الله في الجز,pos
,لق أنا على مشانق الصباح وجبهتي بالموت محن,neg
,م لك الحمد كما ينبغي لجل وجهك ولعظيم سلطا,pos
,اح الخير علي اوسخ حكام في العالم ك,neg
,لك وحش اوى بس انته واشكالك مفيش عندكوا د,neg
,م اجعلني من التوابين واجعلني من المتط,pos
,حلا عملا,pos
,لفي و اخجلي بصوتك هديل الحمام وعلمي الليل ليھ الليل عاف السكو,pos
,ارع الجاردن,neu
,ص اللي درس درس واللي طبل طبل اهم اشي االصح,pos
,ني حزين و بيتنرفز و مداايق ياربي ع,neg
,ايهاالذين آمنوا اتقواالله ولتنظرنفس ماقدمت لغدواتقواالله إن الله خبيربماتع,pos
,يسمبر آخر موعد للتقدم لمسابقة أفضل كتب لعا,neu
,ايما منوره ال,pos
,نا هنشيل لا استثني ا,neg
,كت ليه دا انا بس بقول اسمها برت,pos
,رست دين سنين الحمد لله و بعرف كيف أتعامل مع,pos
,ر يعني لما اصحي علي اوكا و اورتيج,pos
,بنا يكرمك اصل ربنا رزقنا باحمد عنده اسبوعين افتكرتك شوفتى صور,pos
,زيتى الجنة ان شاء الله هبل,pos
,جرد انك لسه عايش دة دليل على انك لسه قادر تعمل حاجات كت,pos
,باح الخير قراء بوابة الشرو,pos
,رب نعوذ بك من علم لا ينفع ومن قلب لا يخشع ومن نفس لا تش,pos
,سعاده ليست حظا ولا بختا إنما هي قدره من داخل نف,pos
, وهم يتجدد وعصابات سامة تنخر غى عظام مجتمع عتيق ما ااسواما يحدث من نزيف الفتل اليومى قى شوارع القاهرةمن فنل جنود,neg
, عارف ليش اغلب البنات هون شايفات حالهن بلا ع ش,neg
,له إ أنت سبحانك اني كنت من الظالمي,pos
,و معدل تغير السرعه بالنسبه للمسافه ويقاس بالثانيه او الدقيقه او السا,neu
, من حقك تعرف يا حبيب,neg
,لسعوديون بدأوا في فقدان أتزانهم العصبي مع فشل مخططهم في إسقاط الاقتصاد الروسي والإيراني طوال الأشهر الأربعة الماض,neg
,ا ولا دحيح ولا نيلة بس في مستقبل بيضيع والامتحان بعد بك,neg
,ارك الله فيك وجزاك خير,pos
,يبتنا الان هي الانا و تعظيم الذات مع ان لو فكرنا شويه هنلاقي ان احنا ولا حاج,neg
,اح بغاشا ياباشا ع كل واحد مستن,pos
,لم اخرجته انجولينا جولي يتصدر شباك التذاك,neu
,صلة وبالنتيجة ما في لا بكرا ولا مبارح بس فيه اليوم اللي لازم تبسط حالك في قدر الا,pos
,حمد عساف بطاقات حفله الكبير ليلة رأس السنة نفذت بالكام,neu
,يم لاين كله فشله طيب فين الدحيح,neg
,ه النكد دا رايحة الامتحان و وحده مشغله مصطفي كامل بصوت عالي أوي أنا ناقص,neg
,مكن أن تزود موديل لكزس أل أس بمحرك هيدروجيني للمزي,neu
,ض الأشيآء نحتآجهآ وأخري نتمنآهآ ولآ نحصل إ علي ما قدره الله لنآ ف اللهم قدر لنآ الخير حيث كآن ثم آرضنآ ب,pos
,لبقاء لله ي صحب,neg
,ماء الأرق يسبب آلام الظهر للمزي,neu
,عد صب,pos
,كم المروري حركة المرور كثيفة من المدينة الرياضية باتجاه الكولا وصولا الى نفق سليم سل,neu
,مكن نتعرف على هالطيز الحلو,neg
,ونجووغ مادموز,pos
,تو يقتل ثلاثة أفغان بالخط,neg
,لفرح بلقاء ال,pos
,م ارزقنا البر والتقو,pos
,ا في الوقت هاد قبل سنين انا مع بندور على وروحنا ع خانيونس وسبناه في غزة على انو شه,neg
,افظ افتتاح مركز تكنولوجي لدعم وتدريب ذوى الاعاقة وشباب المناطق العشوائي,pos
,ة بين ذكرى حرب و أخرى وما زالت الحرب لم تنطفئ بع,neg
,ندمآ نشتآق لأحد و بشده يصبح العآلم و كآنه خالي من البش,pos
,عي يترأس الصلاة لراحة نفس المطران الدويهي بعد الظه,neu
,ا أردت التوقف عن القلق والبدء بداية جديدة إليك هذه النصيحة عدد نعمك وليس متاعبك وسلم أمرك لله ستدخل السكينة لقلبك ربي توكلنا عل,pos
,لفطور جاهز حبي,pos
, البنقدر عليو نحلم بي بكره احسنماورديين لكن برضو ما مسودنها شدي,pos
,اح طعم ونشوة لا يعرفها إلا الناجحون يارب نكوون منهم ياا,pos
, يوفق طلاب التوجيي وما يضيع لحدا تعب ويفرح اهاليهم بنجاحهم يا ر,pos
,باح الخير أيهم كل سنة وانت سا,pos
,,pos
,ندم على الساعه يلي فتت فيها الجامعه الهاشم,neg
,ت برة غزة ما دحشك في الضيعة الضايع,neg
,ظيم عظ,pos
,كن انا الانسانة الوحيدة ع وجه هالارض اي حدا بتتعرف عليه ان كان بنت او شب بيتغير اخر شي مش عارفة ل,neg
, مرآيتي قلبي تعب عنجد من گل آلق,neg
,لم عندما يقول لك الناس كن قويا وليس لديهم أي فكره عن صعوبة ما تمر ب,neg
,بقى تعالى كل يو,pos
,وجد مخرج لنفط داعش سوي تركياهكذا تقول الجغرافيا السؤال يوجد بصمة لنفط كل حقل تعرف بالتحليل ويحدد مصدرهاين امريكا من ذ,neg
,اح المذاك,pos
,ح صديقى ك,pos
,شيف السفير الفصل الأول من لبنا,neu
, عايزه انا غيره معاي,pos
,لف مركبة مصفحة لقتال دا,neu
,ا أيدي الصغيرات تفتش في الممرات لتعثر عن طفولتها التي يغتالها الج,neg
,ماذا الدولة الإسلامية تذبح الشيعة والنصيري,neg
,ام اليوم السبت و بعد المغرب وضمن المربع الذهبي لدوري شباب تبوك مباراة بين شباب الصقوروشباب الوطني على ملعب مدينة الملك خا,neu
,ب في الدنيا ان تكسب شخصا واحدا وتخسر الكل لاجله والقسوه ان يخونك هذا الشخص وتتذكر انك تركت الكل لأجله وفي قمة أحتياجك لن تج,neg
,ليسا النجمة الأولى عربيا على أنغامي لعام وكليبها حب كل حياتي يحقق أكثر من مليون مشاهد,neu
,لصاحب اللي يرفع الراس نشريه نوفي له الميزان ونكرم جنابه ونزيد في حقه وناخذ ونعطيه ولانسمع النمام مهما حكى ,pos
,خيرا عندى درس واحد اينعم هو عربى بس مش مشك,pos
, وعدي عالايام بندق بابها كتير ليلها قمر و غيام و غريبة في المشاوير الخال م,pos
,ا ضد العزل السياسي الي مش اخوان بس يحبهم ينزل الانتخابات و احمد عز و رجالة الحزب الوطني ينزلو الانتخ,neg
, انتى اسمك جواهر ونتى ج,pos
,د من اتحاد الغرف العربية زار غرفة الشمال وتأكيد على توثيق الروابط المحكمة بين الجانبي,neu
, حاجه حلوه في عينك اكرهيها فو,neg
,ا كنت نعمة وانتي مفهمت,neg
,مت انتظارى وطول الطريق بق,neg
, جيت اكلمك ارجع و انا كلي خووف و ان قولت اكتب رسااله تهرب مني الحروو,pos
,ومكسعيدباءذنالله طيبهالقلب ربنايجعلفىوشكجوهرهولسانكسكر,pos
,سانك وتعاملك لا ينسى فلا تندم على لحظات أسعدت بها أحد حتى وإن لم يكن يستحق اترك أثرا جميلا في الحياة ل تست,pos
, عام وانت بمليون خير وسعادة وربنا يجعلها سنة هجرية سعيدة علينا كلن,pos
,نا دايما محتاجين ربنا مش وقت زنقه ب,pos
,ه يوفقهم يا رب ,pos
, ظن ان الرزق ياتى بقوه ما اكل العصفور شيئا مع النسر تزول عن الدنيا فانك لاتدرىاذا جن عليك الليل هل تعيش الى الفجر الامام الشاف,pos
,مية الثقافة المتحفية للأطفال برعاية قطاع الفنون التشكيلي,neu
,نا حاضر لعي,pos
,لإهتمام بما يخدم المواطن ك التعليم والصحة والبنى التحتية وبناء مستشفيات في القرى أكثر مافي الم,pos
,دي ايام وهي بتحلي وبتح,pos
, الصلاه تنهى عن الفحشاء والمنكر يعنى فى امل نتعدل اهو,pos
, يا بل,neg
,اح الخير والسعادة عام سعيد علينا جميع,pos
,عناته أنا غبي خلص استسل,neg
,يق يستأنف استعداداته لمواجهة بعد غد الاثنين تحت قيادة مديره الفن,neu
,م بسورة غا,pos
,يرينفتقد بغياب شطح رمزا من رموز الدعوة الى الحوار وعدم الاستسلام لليأس في استنباط الحلو,neu
, جماعة كله يروح عالانستجرام يالا انشرو حساب شيرين يحي,pos
, مسام,pos
, انا بحبك في الله يا أخت,pos
,اشات لا تعرف ألوان أجنحتها ولكن أعين البشر تعرف مدى روعتها أنت لا تعرف مدى روعتك ولكن هناك من البشر من يعرف مدى أهميتك وروع,pos
,كفون نبي الدعم لهيثم صوتوا لهيثم محتاجها ويبي وقفتنا مانبيه يطلع برا,pos
,تقل للصلاه عندي عمل قل للعمل عندي صلاه الصلاه مقرونه بالنجاح فكيف يفلح من لايص,pos
,ومال ضاكتورة ايه بقى يا حسرة م,neg
,شارك بمؤتمر حزب العدالة والتنمية في قونية وسط هتافات حماس نفديك بأرواحنا فلتسقط إسرائي,neu
,لم أنك إذا قلت حق تريد به وجه الله فلا بد أن يؤثر حتى لو رد أ,pos
,تلي لعلنا من الذنوب نف,pos
,اح الصدا,neg
,بعتيلي الرا,neu
,مولة طمنيني علي علي شني شعوره مرت,pos
,سم الله ماشاء الله رينا يحف,pos
,سانيتك بقت جري,neg
,ارب توفيق,pos
,ع التولية هو بيع السلعةبمثل ثمنها اول الذي اشتراها البائع من غير نقص و زياد,neu
,اركا الشمالي,neu
,يفاء وهبي تنفي خبر عدم خوضها السباق الرمضاني المقبل والملايين من المحيط للخليج والعالم بإنتظارها برمضا,neu
,لإتصال برقم الطوارئ أو الشكوى لدى المخفر التابع الذي يقع مكان إقامتك ضمن النطاق الإقلي,neu
,يش حياتك من غيرى وعيب عليا وهت,neg
,يف لاتكوني مش بتاع,neg
,باح الور عليك ياسلطان وفى انتظارك لى ن,pos
,نا لو تبي حتى ألحين أج,pos
,ني النوم هو الحل بردو بس كدة هس,neg
,عل في طهران قريبا كتب داود ر,neu
,عت سجنك م الهوا ودخلته بأرادتك واديت حبيبك نفسك ماسألت فين ح,neg
,ب ايه السبب في انهم يعتق,neg
,ول الله تعالى في كتابه الكريم والذاكرين الله كثيرا والذاكرات أعد الله لهم مغفرة وأجرا ع,pos
,د بحت بكل أسراري كي يتسع قلبي لسر هؤاا,pos
, في حد داعي علي,neg
,م نحرق هالمدي,neg
,,pos
,بااح الو,pos
,لنا للمرحله ماقبل الأخيرة في النضوج وصرنا ندفن حزننا بوسائدنا ونصحى ونأدي مهمات الحياة ولا كأن اللذي كان قد,neg
,تبارات قادمة اسال الله التوفيق لي ولكم فيها و ان يريني ويريكم في درجاتها ما تسعد به نفوسنا وتنشرح به صدورن,pos
,وة السلفية في ليبيا لقد عارضنا الخروج على المؤتمر الوطني العام عندما كان ولي أمر في حين كان الصادق الغرياني يأمر بمحاصرته بالسل,neu
,وفى عاوزانا نعمل ايه واحنا نتفق كلنا ونعمل شيرين يحي,pos
,سه كنت هوصل الرساله التويته مبتتكتبش من كتر البط,neg
, ع النهارده تاريخى يافندم احنا مستنيين من دلوقتى اصل,pos
,ياك لو تسوى من الحزن ذره ما كان تاليها توابيت وقبور العمر يمضي بين حلوه ومره والموت حق وقابض الروح مأم,neg
,س يرونك أكثر جاذبية بنحو أكثر مما ترى نف,pos
,ضت عيوني خوفي لا للناس يشفوك مخبي بعي,pos
, الغالب انا احب أتأمل اكتر من اني أتك,pos
,ومكسعيدباءذنالله اهلابكصديقهعزي,pos
, حد فاكر نفسه ناصح و هو اهبل من واحد عامل باسورد الفيس بوك بتاعه رقم موبايل,neg
,روتوكول تعاون لدراسة الموت المفاجىء للرياضيين للمزي,neu
,حلى حاجه فيكو الكلام فعل مف,neg
,فوو شاعر ماشاء ال,pos
,ى بالوزارة ما تركوني بحال,pos
,نا نيلة ف حظنا الهبا,neg
,قلب هايفضل محتار لإمت,neg
,فيديو نانسي عجرم هذه بعض المقتطفات من كليبها المنتظر المصري ,neu
,قت فشخ والامتحان بكره ومعدش فيه نفس لاي حا,neg
,ت بتوجيهي اضل بال ساعات ادرس فيزيا او كيميا او احياء هلقيت نص ساعة ع بعضها ما بق,neg
,دق صديقا صادق في صداقته فصدق الصداقة في صديقا صاد,pos
,يتوا السيجنال فين معنديش ولا شرط,neg
,باحك ويومك جميل انشاءللهمرسي لذو,pos
, اعتاد ان يوزع الورد سيبقى شيئ من العطر بي,pos
, البر,neg
,ت سنوات ولم ولن ننسى كل شيء حدث في تلك الحرب الملع,neg
,تراق خزانات من خزان بميناء السدرة النفطي ولا يزال الى الان مشتعله والدخان يتصاعد في السماء يسع لاكثر من ملايين برميل نف,neg
,,pos
,ناس فضلت تعافر و تمسك ف الح,pos
,اص بقآ وحد الل,pos
,لى فرصه بس ريك,pos
,مشاهد الى عندنا دي متقلش خالص عن وجع المشاهد هناكحالنا اضبح موجع ومؤلملنا الله وللغلابة والمظل,neg
,م الغربة في ذاكرة من ور,neg
, يا بلد الزبيرة واخدينها عوم والمنايك راكبين فلا,neg
,حيانا نبكي فرحا مع أننا واثقون بأن قلوبنا لاتسكنها إلا الأحزا,neg
,ا خالص انا الكنت بضحك صباح ال,pos
,ي آدم وتكبر إبليس ندم آدم واغتر إبليس تاب آدم وعاند إبليس فلا غرابة أن يغفر لآدم ويلعن إبليس الكبر الغرور العناد مفاتيح ال,pos
,اتيني يستعد ليعطي شارة انطلاق دبي الرياض,neu
,,pos
,ت دة اهم حاجة في حياتك بعد ا,pos
,ح لغ,neg
,نا زمان اعز اصاحب وعشنا حبا,pos
,تقربش من حد عشان محدش هيفي,neg
,ق هو النظر إلى المشكلة أما الإيمان فهو رؤية الله القادر أن يتعامل مع المشكلة جويس ماي,pos
,تماع طارئ لمجلس إدارة نادي الزمال,neu
,ا يحتاج اكثر فريق فايز بالدوري و الابطا,pos
,خيرا نت واخيرا شفت ا,pos
,ضا و أحمد سمير و محسن و عبد الغنى بس شوفى حد عشان بيدى بس العيال هياخدوا مع عزت تقري,neu
,شني إحساسك وحشني حبك المجنون وحشني صدرك الدافي يا أروع حب في الكو,pos
,ير من ملأ قلوب أحبابه أدبا و خلقا و صدقا ونصحا و تواضعا اللہم ارزقنا الصدق والتواضع والصحبة الصال,pos
,لمصرى المنضم لداعش يكشف تفاصيل تجنيده بالتنظيم الإرهابى مكالمة صديقى دنجل كانت الشرارة الأو,neu
,ا مفيش ديمقراطية احنا هنبلغ عنك بقي انت بقي ضد حكم العس,neg
, عام وانتم بخي,pos
,وعه غاية التعب,pos
,كرونى لها بكل جميل عساها تحن ع,pos
,ارم محمود سمرة يا سمر,pos
, مل,neg
, مج,pos
, إحنا هنربي عيالنا از,neu
,ها من موزه جمي,pos
, تلتف إلي نافذة الذكريات نك ستطيل الوقوف وسيكبر ال,pos
, بخت الناس اللي بتشوف الناس اللي احنا بنشوفها اه والله ب,pos
,ا حلم الله شو حلو ورائع جدا اس,pos
,ق القهوة خي,pos
,نا سمعت انو غادر لبنان ساعات ورجع علي شان بادر يدل بل,neu
,داع أحلا,pos
,برووك ي ميوش انتي جميله وفكك م اي حد وافرحي واتبسطي بشبكتك وعقبال الفرح يارب وعقبال كل البنات واحنا بنحبك مهما حص,pos
,تو ازاي مبتحبوش البسل,pos
,كموا الق,neg
,يت بتخنق من اي حاجة صغير,neg
,طاان منور الترند مينا عط,pos
,مكن توصليلها سلامي وتقوليلها يا اصيله ونعم تربيتك لابتس,pos
,ذا كان انا بسمعه الوقتي علي الس,neu
,ه اقسم بالل,pos
,ل سنه وإنتى طيبه ويارب يارب تكون سنه سعيده عليكى وعلى كل اللى بيحبو,pos
,نا خلاص قررت أذاكر بجد الشيطا,pos
,ادين منز الارحه لم اسمع شيئا عن كارولين بيطار مشغول بالي هل تعرفين شي,neu
,تك تنقط خرى يام,neg
,دي جدا انك تحب حد من غير سبب علشان الحب نفسه هو حب كدا من غير إزاي ول,pos
,نة سعيدة عليكي وعلي كل حبايبك ويارب في كل يوم فيها تفرحي وتحققي حلم من احلا,pos
,اد افاتارك هيكون الحك معاكي احترمي نفسك الاول ومحدش هيجي جنبك سامع صوت بيقول الافاتار حرية شحصية والحك برده حرية شخصي,neg
,ي الشبكة كانت واقعه لي,neu
,بقيش بنت منزلة تويتات سفالة وصور تدل ع البيئة الا انتي منها وتقولي تويتر بقي فيه حك كتي,neg
,س ام دم خفي,pos
,وك لأجلك ياف,pos
,ير حليف الاتحاد الافريقي لانهم في ها العام محتاجيني اكثر من كل شي فديتني ه,pos
, بنات مصر هيع,neg
,تنسوا الفضل بينك,pos
,لراجل واقف متكدر أص,neg
,نا لسه جايبة خط فودافون ولما بتصل ب أي رقم يقوليغير مسموح بالاتصال من هذا الرق,neg
,ة مش كدا مؤمن خلاص مبقاش تباعنا والمفرود ميلعبش ماتش دمنهو,neu
,له المشروع الحضاري الفساد فاق حد التصور والان ا,neg
,حة لما تفتكر حاجة تخليك فجأة تضحك لوح,pos
,حبك وانت ك,pos
,اؤم علامة العجز فنحن نصبح متشائمين عندما نشعر بعجزنا عن السيط,neu
,ا دام ورد ذكر حرف الدال ببدل بدي فانو الجوع في اقصى مراح,neg
,هم رب جبرائيل وميكائيل ورب إسرافيل أعوذ بك من حر النار ومن عذاب القب,pos
,ضرتك شوفتى المسرحيه للاسف تدفعو ورا السلفيين اللى شعللو الدنيا والحقيقه انهم الحقر,neg
,ام واضح و صري,pos
, داعش صبرك صبرك الاردني رح يحفر قبر,neg
,يادات الاخوان يعلمون انهم مدانون في الجرائم التي يحاكمون عليها فيدعون البطولات بالتطاول علي القضا,neg
,وصل بالسلامة ياقبطان مصر شرفتنا باخلاقك يافارس مينا عط,pos
,بة للشبكات اللى كانت واقعة انهاردة ابوك,neg
,فلنا شويه يالا نخش على الحد,neg
,مه الاحلام بتساعد ع الوقوف ع ارض صل,pos
,ا مكرهش في حياتي قد اللي بيفكر نفسه فاهم كل حاجة و فاكر اني عبيطة و مش فاهمة أحب أقولهم انتوا اللي عبط لامؤخذة و شك,neg
,ضوع ان الاهل يكونوا مديين ثقة ده اصعب من انهم يكونوا مراقبين و خانقينهما لما ادوا الثقة عرفوك ان ربنا بيراقبك و سابوك لضمي,pos
,وا الناس كيف امتحان اليوم بجيك واحد عرص رسبت على علامتين يفضح عرضك انت الثاني صرت عا,neg
,حبكم كلكم يا قرايبي ابشروا قده,pos
,ه يا ستي ربنا يز,pos
,هذا هو الانقس,neg
,لوا عنك كلام بس انا فضلت على انطباعى بردوا و انا طلعت صح فالاخر واحده ف الفوللور,pos
,دري لعل الله يحدث بعد ذلك أم,pos
,عاكى فى كتاب رائع فى الموضوع دة عايز أبقى ادهولك باختصار مشي حياتك حبة يعقل وحبة من غ,pos
,ي حد جزمة هيفتح بقه بعد كدة علي كنزة بالجزمة لان الاخترام مينفعش مع الاشكال دي واي حد حقاني ينشر,neg
,نهديك هالفيديو بمناسبة عيد ميد,pos
,اة الشرق تذيع تسريبا جديدا اليوم في برنامج مع معت,neu
,فاة فرد الشرطة المصاب فى حادث سفنكس الإرهابى بالعجوز,neg
,يت علمي عشان ما احفظ طلع ما فيه فهم ولا حتى حف,neg
, يا مرار,neg
,رب خذ بيدى رب أحفظنى من الشياطين أنسهم وجنهم رب أشفينى وأشف كل مر,pos
,ح جد,pos
,شي كمان مرة عشان خاطر رود,pos
,س اللى بتحسد وتحقد على غيرها دى مبينقرضوش ابد,neg
,ول بالك لا تستع,pos
,يل انك انسان تعمل وتتعب ل سنوات عشان تحقق شي وتفشل فيه ويجي شخص اخر ويحققه النجاح من اول موسم شينه بحقك وطبيعي الصراخ على قدر الا,neg
,اكلب حط يوزري,neg
,احل حياة الإنسان الميلاد أحا هو فى إيه الم,neg
,ريب الجديد لن يغير من الوضع شئ فمؤيدي الانقلاب مهما سمعوا سيظلون علي ضلالهم اللي هيفرق معانا فقد هو مزيد من وضوح حقائق المؤم,neg
,اريت تسعدوني انا جالي رساله التفعيل وركبت الراوتر ومفيش نت اشتغل حرام والله ك,neg
,ه اوحش حاجه انك تظن فى حاجه وتنسى ان بعد الظن ا,neg
,رام عليك مافيش الحد مش مخطي كلنا خطا,neg
,يس نادي انبي النادي الاهلي لم يتقدم بعرض لشراء مؤمن زكريا اومال ابن الوسخه طالع يقولك مش هاروح الاهلي ليه الاهلي مش عايز اهلك اص,neg
,سحب وسيب الكل احسن ,neg
,ليل هذا الحكم المفروض سنه لمن يهين قا,neg
,,neg
,را فأن الصبر للأحرار زادا صبرا وانا ذاد البلاء بهم لزادوا صبرا صب,pos
,بن زايد لو أبوه الله يرحمه يعرف هذي أفعاله كان ما خلفه ويطرده على طنب الصغرى يسهر مع حبايبه الايرا,neg
,ليون متابعه عملت لك ماشفت منك ,neg
,قق الشرط لتستحق الوعد و تنال المكافأ,neu
,راه رائع,pos
,لا انتى ازاى ليكى وش تتكلم,neg
,,neg
,ه الكوره من نص الملعب وحسن شخلته بيجري ادام الحكم تتلفي ليه الا لو هي مفصوده ربنا ينتقم من كل ظا,neg
,ت فتاة لا يقدر عليها رجل فتاة لا يقدر عليها إنسان على سلبها شيئا لا تمنحه طواع,pos
,ر قلبت عليا مواجع اغاني ديمي لوف,neg
, تستمع إلى نداء المنه,pos
,عيد الشهراني يحتاج دعواتكم حتى بعد البرنامج الرجل عاطل عن العمل ويبتسم رغم حزنه اسأل الله ان لاينتهي البرنامج إلا وقد بشر بوظي,pos
,حبا كيفك احمد رقم الهاتف الج,pos
,اويين يتعبونا على ط,neg
,ا شئ مزعج فى الحياة فلا تقتربوا يا ملائي,neg
,م زد وبار,pos
,تر الحجازى صقر الجروشى الغريانى السويحلى بادي لقد كان عامآ اسودآ يوم ما شفنا خليقكم مارك عفاريت هي,neg
,ذاب ياهو بولي سارق الموبايل ثانا را,neg
, بين البنات انتى عليكى العين يامو الخدود تفاح وفيها غم,pos
,تمنالكامسيهسعيده كلهافرحوسرو,pos
,ه هي كيميا في اعدادي ,neu
,ساب جمعية المستودع الخيري بالمدينة المنور,neu
,,pos
,,neu
, أقدار الله طيبه سواء طابت بها روحك أم لم تطب والله يعلم وأنتم لا تعلمو,pos
,م صيبا نافعا امطار الخ,pos
,ائع وعصرى وانيق ولايق على المل,pos
,لا هجوم يا الجيش الليثاوي ياا على التصويت بدنا نشوف الفرق ويعرفوا مين احنا يلا هج,pos
,لبساطه والكلمه وحب آلناس هي د,pos
,اب مينا بقا حلبه مصارعه زي حساب عبدلله بظبط وحساب كنزة هيكون نسخة من حساب رنا عاا يارب صبرنا كل سنه شويه اوثاخ جداد حسبي الل,neg
,توا مملي,neg
,وصل بالسلامه مصر هتنو,pos
, تعظم الأشخاص على انو مافي اجمل منهم وتبالغ بفرحتك لما تكلمهم لأنك بهذا القرار راح تربط نفسيتك وراحتك فيهم وتند,pos
,حد يخلص كليه واروح اعيش في البيت ال في ميت غمر عشان في ناس معنتش عاوز اش,neg
,لفضل يرجع ليكم احلي منشن علي تويتر كل,pos
,اده ممكن تكون توست ساخن وتقعد نازله منه الجبنه وهي سايحه عا,pos
,سائل لمعرفة الحوائج هل تقضى أم لا ومسائل لقضاء الحوائج ومسائل في عقد الألسنة ومسائل في حل المشكلات و مسائل في تسهيل المصاع,neu
,نا أننا آمنا فاغفر لنا ذنوبنا وقنا عذاب الن,pos
,ه طب يسيبوا كل واحد ف حاله الكلام محبط وحاجة مقرفة الصرا,neg
, تقهرني مدن ايام الثورةوالدق الصح رايات خضروجوسمح وفلوس وتوا حقيقيين ومع الخوارج وكلاب لمليشيات مزراطةكيف جت هذ,neg
,اد وإنجازات راغبنا لعامفي العدد الجديد من مجلتكم قريب,neu
,ع فصبر وربط على بطنه الحجر ثم اعطي فشكر وجاهد في سبيل الله فانتصر هذا هو حبيبنا المصطفى محمد صلوا عليه وسلموا تس,pos
,ء لع,pos
,رائيل ليش حاطة رجليها و يديها بمي باردة من ناحيتنا كل يوم بتفوت عالتايم لاين الأردني نص ساعة و بتط,neg
,ش انا الي بخ,pos
,لاص انسى يا صاح,pos
,وح ذاكر يا وييس,neg
,نز راغبنا من فلسطين تروي حكايه محبتها لراغبنا من هي تابعونا لتعرفوا التفاصيل في العدد الجديد من مجلتك,neu
,مين فينا مش عج,neg
,يه أفضل الصلاة والسلا,pos
,لف مبروك الفوز لكن الان كم ترتيب ونقاط ال,pos
,بيبتي ان شاء الله السنة الجاي علينا جميعا على المستوى الشخصي والعام ويارب تهدي الأمور عندكو بكفيكو انتو شعب تستحقوا الحي,pos
,نت حبيبي يا صالح بس الفيفوريت بتاعتك قليلي,pos
, دي حالتي بلظب,neg
,ه الله تسلم ,pos
,ن شاء الله وعقبال او,pos
,و اللي مظبطن,pos
,رى مصدقت اى حد بيقول تصريح بيبدأ ببجوز او يجوز عشان رأيك مش بالقيمة اللى انت متخيلها ديه عن,neg
,ه دبي حلوه كدا ل,pos
,نا يكفينا شر العمه الصفر,neg
,ديو البابا تواضروس عن ماسبيرو حادث مثل أي حادث والحقوق القانونية لن تضيع المصري اليو,neu
,يلي قالي سااعه ويوصلوا هما لسه راكبين الطيااره من حوالي ربع سا,pos
,كل استاد موجو,pos
, مبرو,pos
,ا إن معي ربي سيهدي,pos
,ان حزنه كله و ضعفه لما ف,neg
,كييد بس هيا حاله ز,neg
,ر الان ينماتكونوا يدرككم الموت في عصر الانقلا,neg
,لمهم كننزي ما تتهربيش مش عشان زهقتك مني ع الانستجرام ماتسلميليش ع مينا وتبقي حبيبتي وصحبتي اوي لو خلتيه يمضيلي اوتوجراف بأس,pos
,كلمت ايلي وهو طمني عليه وخلاني اككلمه امبا,pos
,لسلام عليكم تطبيق بوبيان ماضبط معاي لان الاكاونت تم إلغاءه شلون أرد,neu
, الواحد يحترم نفسه اهم من انه يحترم الناس وانه يهتم بمنظره قدام نفسه اهم برده من منظره قدام ال,pos
,ارع محمد نجي,neu
,د منتصف الليل يوآسي القمر أحد ضحايا العشق قائلا لا تحزن إن كنت وحيدا ف أنا رغم جمالي وح,pos
,ول ابن القيم لا يزال المرء يعاني الطاعة حتى يألفها ويحبها فيقيض الله له ملائكة تؤزه إليها أزا توقظه من نومه إليها ومن مجلسه إ,pos
,ه عشان خاطرك يا سبووتي مع اني مكنتش ناوي انزل اسا,pos
,قة الله و سقياه,pos
,ي عجينه وسيكا اخلاء سبيل بس لسه مخرجوش يارب الليله يكونو في بي,pos
,ا الكل عالتصويت بلاش نضيع مجهودنا علي الفاضي خلينا نزود الفارق بلي,pos
,بوع هادا كل ما افكر كيف بدو يمرق برج راسي انو احاول انسى وبرجع بفكر مش هيي,neg
,ل خ,pos
,نت مقتنع طيب بللي بتقولوا ,neg
,اة بالقرب من الله حياة مطمئنة محفوفة بالتوفيق و مزينة بالرضا ومليئة بالسعادة عش تلك الحياة ولك الهناء أب,pos
,نت قديم ابو الججيل دلوقتى انت اللى بتجيب انا عايزة تورتة شيكوتة مليش دعوة وعصير فلوريد,pos
,فجر ليبيا تبيلهم الناتو من الاخر ك هكي معش ,neg
,لحت الدنيا بك وم,pos
,ل شي بديل إل,pos
,ا مش لاقي نفسي مش فاهمن,neg
,اعوت أذيال الإخوان وراء اتهامي بازدراء الإسلام ولا أتبرأ مما كتب,neu
,ا عارفه احل شي اكلت,neg
,ميين يار,pos
,هد أن لا امرأة تشبهني كصورة زيتية في الفكر والسلوك إلا أنت والعقل والجنون إلا أن,pos
,تيجى هنا وانا احب,pos
,نفجار قنبلة بجوار مقهى في دون خسائ,neg
,هد ان لا امرٲة اتقنت اللعبة الا ,pos
,بين همزة وصل وعلامة تعجب تكمن الحكاي,pos
,ا إله إلا الله والله أكب,pos
,با لثبات قل,pos
,مة ال بدايق عمرها ما بتنتس,neg
, جمال حظي أني عرفتك ربي يسعد مسا,pos
,لا تحيه لشهدائنا الابرار اللي استشهدوا علشان بلدنا وعلشانا ربنا يرحمكم ويثبتكم عند السؤال ويجعل قبركم روضه من رياض الجنه وربنا يصبر ا,pos
,را ايه يا كس,neg
,لتي النفسية متسمحش اني اذاكر وامتحن كدة تو ,neg
,اطيعوا الله ورسوله وأولي الأمر منكم هذا هو الإنسان الذي يحب وطنه ويحافظ عليه والا لا يستحق العيش ف,pos
,صر اللى عايشين من خ,pos
,ضت عيني وقلت برتاح واثره خيالك من وراء الجفنمرس,pos
,ابير سير على الطريق البحرية ليلة رأس السن,neu
,عنى و الله اا تاعب,pos
,ن آلله يعطي الذاكرين أكثر مما يعطي السائلين فاذكروا اللہ يذكركم سبحان الله والحمد لله ولا إله الا الله والله أك,pos
,يس ,pos
,ايشه حاله حب معاك وخد,pos
,يتك فسترتني نسيتك فذكرتني أغضبتك فرحمتني لا إله إلا أنت سبحانك إني كنت من الظا,pos
,يآنا في هذآ آلزمن آلآهٺمآم آلزآئد ب آلآخرين يفقدگ كرآمت,neg
,ه بس انا مو عارفه احل هال معقولة س,neg
,لشخص اللي بيبقي نفسك تفضل تتكلم معاه ساعة في اليو,pos
,دك فى مشيته عملوه منحنيات عضامك لينة لكن على التنيات تنية واتنين تلاتة اربع خمس ت,pos
,,neg
,ا حيااتى يا دعااء انا بحببك اووى يا حبيبتى مستنياكى ع ,pos
,ت داري بانشغالي ولا حبك شئ خ,pos
,ري لمن اشكي عذابيوالالا,neg
,ااضر دا انتي تامر,pos
,قني الله وإياكم لما يحبه ويرضا,pos
,ا حركاتك بقي,pos
,له بفرح كتير ,pos
, غلبك بالشتم فأدبه بالحلم علمه أن كل إناء بما فيه ينضح وأن كل واحد ينفق مما عن,pos
,يرسى حبيبة قلبى ربنا يسعدك يا ر,pos
,ط باخرة تركية محملة بالأسلحة في طريقها لمصر,neu
,نحدر الصعود مي,neg
,ا مدايقه بقى بكره امتح,neg
, الحمد لله نحمده ونستعينه ونسغفره ونستهديه ونعوذ بالله من شرور أنفسنا ومن سيئات أعم,pos
,اريت كل الناس زيك مكنش حد اتجرح اوى ولا حد تعب اوى فعلا كلامك صحيح بس فين اللي يسمع ويشوف ويحس مث,pos
,حمد,pos
,عصي الاله وانت تظهر حبه هذا محال في القياس بديع لو كان حبك صادقا لأطعته إن المحب لمن يحب مط,pos
, فاهم مش فاهم مش فاهم مش فاهم مش فاهم مش فاهم مش فاهم مش فاهم مش فاهم مش فاهم مش فاهم مش فاهم مش فاهم مش فاهم مش فاهم مش فاهم مش ,neg
,ا من فترة للتانية ممكن أسأل ناس من القريبين شايفني إزاي أو حتى لو حد لسة عارفني عشان وارد جدا هيكونوا شايفين حاجات أنا مش شايفاه,pos
,تخصصي جراحه عشان اشغلكفي المستشفي بتاع,pos
,عات من الكئاب,neg
,دلله على حياة يدبرها الله وفق رحم,pos
,يرين يحيي مع لميس الحدي,neu
,سا الغلا والشوق واحلى التعابير واحساس م ينساك لو گنت غايب مساء الخ,pos
,ل ما فيني اتمنى اعيش بمكان جديد واعرف ناس جديد,pos
,ش عارف والله هشوف كدا يمكن حد يعر,neu
,ملين ايه ياحلوين واحشني من الصبح بس كان عندي امتحان ب,pos
,صل أفنان بردواا محامية و ليها وضعها ف الدول,pos
,یث یفوق جمآل حدیث اللسآن آلف مر,pos
,ان سلمى انا حاسه اننا هنسقط ,neg
,سه مفيش أخبار ع,neg
,روك لجميع الفائزين وجميع القبائل تبو,pos
,بنا يخليهوملك وتفرح بيه,pos
,ما إن الحالة تعبانة إرفع إيدك فوق لو متضايق هترو,pos
,حلى صباح مع محبوب العر,pos
,ش هنحفل على حد يعنى الايد البطالة نجسة اج,neg
,روق يغادر مران الأهلي مصابا وجاريدو يعالج أخطاء الدفاع بجمع,neu
,حم ربنا يخليكي يا رنده والل,pos
,ده قاتله لأ,neg
,سعدك يا رب ويارب تحققي آما,pos
,و هالموهب,pos
,ه دراسات دى كانت ف ابتدائى عقبال ما تووصلى اعداى و تاخدى علوم بقى و تكبرى و تبقى قد الد,pos
,ن يعش ببساطة ويتعامل بأناقة يجبر الجميع على احترامه وحبه كن بسيطا تكن أج,pos
,رب مالي ملاذ الا الدعاء ياكريم يارب اغثني برحمتك انت يالمقتدر اعوذ بك من غثاء الدنياء ومكر الرجيم والوذ بك من عقابك والسخط والق,pos
,تاجة حد بذاكرلي زي الاطفال من كتر مابسر,neg
,ت ممكن تدارى وجعك ودمعتك وديقتك عشان بس متصعبش على ,neg
,حنا بئى حنساعد بعض واللى يعرف يقول الباقى ا,pos
,حلى مسا على عيونك يا زنن عندى ,pos
,,pos
,هلين لو,pos
,ي أنا الناي الذي لا تنتهي أنغامه ما دام في الأح,pos
,طفى حسني قدوتي بعد رسو,pos
,ن ,neg
,اتم عزام ل رامي جان كل سنة وأنت حر التفاصيل من ,pos
, تفهمني ولن تفهمني فأنا أحدثك بقلبي وانت تحدثني بعق,neg
,ه هما الغلط ذا,neg
,ارك الله فيكم اخي شمالي ربنا يستجيب دعاءكم يارب ,pos
, سلام ما أحلى شعور الواحد يخلص دراسة و يكون عبى راسو نو,pos
, الموسم الى فات و انا بحب عروض أولاد ياسين و بيعملوا شو حلو جداا و أن شاء الله ياخدوا نع,pos
,قد تم تعطيل الحسا,neg
,ه فيديو ح,pos
,نى عالفوق كتفه هموم جبلي,neg
,ر حصرى من مطار القاهره لاستقبال ,pos
,ا يا جودعا,pos
,سي فعربية ڤول,pos
,هين ومينا ايد وااحده محمد شاهي,pos
,ول إلى القلوب ليس صعبا فقط كن أنيقا عند طرق باب القلوب و أحسن الزيارة ولا تكن ضيفا ثقيل,pos
,يسعدك يارب وان شاء الله تكون سنه سعيده عليك وعلي كل آحبابك يار,pos
,مد حلمي إنسان جميل جدا عبقري أسطورة في نفسه ك,pos
,لعمر والمصاري وشوفة الحال انا انا انا هي بتكون مش شبعني اللقمة عند ا,neg
,نى بجد الناس الناس كلها افتكرت الخروج الاسبوع ده الامتحان الاربع و انا لسه بفتح المادة بس انا مضطرة انزل و امرى لل,neg
,ريات لا تموت الذكريات ,neg
,جبا,neu
,ان هيلعن اليوم اللي كان فيه مص,neg
,ة شماال واليمين مش شغاال على فين را,neg
,يلر ليث ونورا لوحده كفيل انه ينقلنى لعالم تا,pos
, ٱشتقت لك و لسٱعة ٱللقٱء فروحي تنٱديك ألم تسمع ٱلندٱء أتعلم يٱملٱكٱ أنٱر ٱلكون بٱلضي,pos
,,pos
,اء يابن المجانين لا لا لا ل,neg
,ااك نعيم,pos
,اك اربعة نعيمن ه,pos
,يرسى بيك,pos
,سيلة المواصلات المتاحة في مصر دلوقتى هي السيسي كله يركب العرص السيسي والتذكرة بأجر رمزى أو مج,neg
,ف مبروك ولله مصر كلها فرحنالك ومستنين منك الاغنيه الأول,pos
,حنا معتبرينك تبعنا خل,pos
, حبه ربه حبب فيه خخلققه وانت ربنا بيحبكك عشان كده خدت اللقب فى قلوب الناس مينا عط,pos
,قا جدع مع غيرك متكونش عو,pos
,ق أعظم فضيلة في الحي,pos
,سان الناجح هو الذي يغلق فمه قبل أن يغلق الناس آذانهم ويفتح أذنيه قبل أن يفتح الناس أفو,pos
,وفو الصور الباقيه بتحمل تاب,neu
,ه يوفقك ويرزقك من حيث لا تحتس,pos
,هعع لا ماهو انا خل,pos
,لى رأى عبد المنعم محمود ياترى فيه كام واحد زى محمد حبيب لسه فى الأخوان و لم يكتش,neu
,ايه ان كرمه جت ف,neu
,صه انشروا وافضهوهم علي تلك الجريمه الافظع حقائق عن جريمه ترحيلات ابو زعب,neg
,ا خفي كان اعظم او يام في الجراب يحاوي البلد بلدهم بس ربنا يهدي الضال ,neg
,م أرب جوت تالنت بجدار,pos
,وىشخصية تأثير,neu
,ما بنعمة ربك فحدث انا الايه ده بتيجي معايا بنتايج عكسي,neg
,بقي كلواحد مستني الكلمة من التاني فمحدشبيقولها فبتفرقهمالا,neg
,ل شي عشان نفسهن رخوة كتي,neu
,ي علي نبي و تبسم د,pos
,دينا مرحله السياسه والقتل والدين وحتي معاناه معيشيه بتاعت الشعب مبقاش يفرق حاجه الاحسن ننسحب بهدوء وخلينا كوبنا افترا,neg
,ع مل,neg
,ه لكل واحد او وحده وسخه شتمت باسم يوسف او اتهمو بلخيانه والعماله وانه مابيفهمش باسم يوسف سبلكم البلد برطعو فيها ياولاد الكل,neg
,جدع ح,pos
,د ده اقصها استك وتبقى لباس كبيير بيضم طياز اكب,neg
,ا مش هعيش طول عمري مل,neg
,ا الدولة بتاعتى اسمها ز,pos
,م مع وزير الصحه اردني وعدد من النواب واصحاب العطوفه والسعادة في محافظة البلقا,neu
,لعيون الجمي,pos
,ه باين والله من غير توضيح هعمل بنصيحتك حاضر شوفت بسمع الكلام از,neu
,ا بنتى فيديو الانستجرام واكتبى معانا فى التاج شيرين يحيى مع لميس الحدي,neu
,ا تلموا الفرعون و لكن لوموا اشعب احترف صناعه الفراعنه و تأل,neg
,ل موسم ف عرب جوت تالنت احا كان فاجر وبعد كده بيض معيز وخصوصا الموسم د,neg
,نام و اصحى الاقي قلة الادب د,neg
,مل جدول وما امشيش علي,neg
,ليك انت بتربيتك واسلوبك مش تقولي هتعامل حسب اللي قدام,neu
,,pos
,اطمة ناعوت اللي السيسي أمرها بنشر صحيح الدين الإسلامي في مصر بتتحاكم جنائيا بتهمة ازدراء الدين الإسلامي فاشية عسكرية ود,neg
,سل عسل عسل عسل ع,pos
, المطارح ملكناا نرقص مكاان ما ن,pos
, واحدة شبهها هي كانت مغطية نص وشها أص,neu
,يواا بقا والله عسل ياشاهينوو وانسان بجد قبل ماتكون فنان ياصقر الع,pos
,ول مكسحين والله ويقولك زمالك واهلي بلا ارف والناس تتخانق وده يفرح ان الاهلي اتغلب والأهلي يفرح لما الزمالك يتغلب حاجه تك,neg
, تلج ف الد,neu
,كرا يا الب,pos
,حسن بر,neg
,نهارده محمد سيراج لما لقي الفانز زعلان عشان مقعدش مع مينا قال هنعمل حفله وهجيبهلكم فيها قريب ج,neu
,يأها ليا أحالها عاملة حفلة وغمزها كأهم ولاد صغار وما احتفلت ولا اد من طلاب ستار اكاد,neu
,ريت الحمير اللى بيكتبو انجليزى بحروف عربى يعرفوا ان كل لغة لها حروف تتكتب بيها بدل الجهل ,neg
, شخص,neu
,مل نساء الدنيا الزوجة الصال,pos
,بعه اتفخت ف ال النهارده مستنين بكره هيحصل ايه ف تالت,neg
,اتبكي علي شئ ذهب فكل ذاهب فالحب كالموت لايعرف مذا,neu
,حبش أي سؤال فيه كلمة كده من غير سبب بس لو قال مكانها إشرح كذا هجاوب عادي رغم إن ترجمتها يعني إشرح بس الكلمة نفسها غب,neg
, جماعة والله كبرنا على الكلام في الس,neu
,و عامة اهلاوى ولازملكاوى هو اعلامى كويس ف,pos
,نديش اي ابن وسخة يخليني افرح او افرح حد ولو بأيسط طري,neg
,علش الله يقويك ويحم,neu
,ث وابتسام واشراق دود,pos
,ساعات كمان من الشا,pos
,و إنتي أسمك إي,neu
,ن الان ف نهاية السنة ونتمنى من الله ان تكون سنة سنة خير وحب وامن واستقرار وتحسن ف جميع الأحوال يار,pos
,ا مش مهمة عند حد فا ليه اخلي حد مهم عندي مهما كنت بحب,neg
,ل من يتحدث من خلفي لو أنك مكتمل الرجولة لتحدثت في وجه,neg
,هور الإتحاد النهارده حضرماتش الباسكت بتاع الأهلى و ضربوا اللاعيبه محمود طاهر منع جمهور الأهلى من حضور يد و باسكت و بيقبض على الجمهور ,neu
,لى حاجة في الدنيا لما تحصل حاجة نفسك فيها فجأة فتفرح أستمتع وتبسط بكل التفصيل اللي ممكن تبسطك أرابيسك تصبحوا على خي,pos
, الملايكه اما تشوفها وردايه تحلم تقطفه,pos
,ه قلب الام حبيب,pos
,ام و لا لأ اختا,neu
,واز بليزز بلغ سلامي ل محمد الصبحان اقرأ رسالتي ابي تويتر تب,neu
, عمره فيما أف,neu
,ما السباك ي,neu
,لقلب يتخذ القرار اللي بيناس,neu
,وحشنى صوتك الهامس بسرح لما نتهامس فى صوتنا لما يتلا,pos
,فرة حتى العدد استخسروه فينا يقولك كام وثلاثين ,neg
,رحمنا ونقطنا بسكا,neg
,تنا اللي بضيعني للماضي بترجعني وعايز تحبسني فيه احلامي انتا اللي قضيت عليها لما اتحكمت فيها طب ليا ايه احنا الجيل الشايب وهو شب,neg
,ش لوح,neu
, علكم سل,neu
, اطلع غلي ف اي,neg
,يس لي جي ضي شويه على اقل نشحن كروستي االكهرباية باش منقعدش في حوش في مكان واحد وين يهرب ضي اشعر بي احباط شديد وين يهرب ضي لفتره طوي,neg
,,neu
,ضل ان تعيش حياتك وتدعهم يعيشوا حياتهم وعلي قدر اقترابهم منك اقترب انت واجعل لمشاعرك وزن,neu
,كم من قضاه كلمهم ممدوح شاهين وكم من قاتل أفلت من عقاب الأر,neg
, كالغذاءتحتاج له دائما و أخ كالدواءتحتاج له أحيانا و أخ كالداءلا تحتاج إليه أبدا أهو أنا بحب أكون رقم ده ف,neu
,نا عايز انيك أي واحدة جميل,pos
,ناه مكملين عرضت التسر,neu
,ضي انتهاء لما عرف,pos
,لكلام دا مستحيل لان كدا انت ممكن ترجع الزمن لو,neu
,انا قررت انى اعمل للناس اللى عندى كله,neg
,ص وصلت الفكرا شكرا لانك اثبتلى انى مليش ح,neg
,ائعة تجنني هي دي فعلا الموهبة اللي ب,pos
,ن شاء الله العملية تتم على خير وتقوم بالسلامة وتبقى زى الاول واحسن كمان ويباركلكو ,pos
,لف غير مسئول عن اي فكره هتكون,neu
,هرة و هو بيقول في اخر اغنية حسبي الله ونعم الوك,neg
,شدل,neu
,صدك مين بيتجاهل شي,neu
,نا سايبه الموب وفاتحه من لاب دلوقتى ع فكر,neu
,نا شايف انها محتاجة دكتورمسالك بولية لعلاجهم من حساب تحيا م,neg
,ت البلد كلها حورات و محدش عارف الدنيا ماشية ازاى ولا عارفين اى بتنجان استغفر الله العظيم ياارب اللهم ارنا الحق حق,neg
,ا أوحشك يا ,neg
,فو ماذا قالت ميركل لمن يطالبون بمساواتهم بالمعلمي,neu
, صل,neu
,وار خولاتي ,neg
, في بداية صباحي أسألك إلهي أن يكتمل يومنا بلا قهر ولا تعب ولا هم ولا قلق ولا حزن ولا خذلان نصبح بك ومعك وبك أصبحنا يارح,pos
,حب مصالح جارح مايسديش و يشييل في الأزمة ييجي في الوقت المالح و متحسيش انه له لزمة العيش و الملح اتباع و الكل صبح خدا,neg
,ق محمود عثمان مع خالد الغندور ع التليفو,neg
,فت مصر يا قبطاان يلا كام ريتوييت مينا عطا محمد شاهي,pos
,ين ,pos
,لاخوان من قناة تركية ومعتز مطر يرموا عضمة للنوشتاء وهم يولعوا اللي,neu
,,neu
, أجد حل يحل محل الحال الحالي لحالتي ح,neg
,نة فردية ربنا يستر علينا كلن,neg
,ش مظب,neg
,قل هو من يضع قارب و يعبر النهر ليس من يبني حائط ليحمي نفسه من فيض,neu
,لام مينا عن شرين يحى اخته وصديقت,neu
,ايه صدمات يا كلا,neg
,وك بقي للكلب ده اللي بيقول علينا عبيد البيادة وهو من عبيد المرشد تبع الخرفان يعن,neg
,,pos
,زم الشواب خربو اسامي كل الا,neg
,يفضلوا يهروا ويولولوا ويمئمؤا إحنا ماشين ف طريقنا وهننجح بإذن الله الانكلاب يتر,neg
, ناس ماشية بمبدأ انتا فى حالك واحنا برضوا فى حا,neg
,يستال الدرة الشقية الفين سلام وتح,neu
,م لله من لطف خف,pos
,ا بتقطع من جوايا ونسيت طعم الف,neg
,لو مرارة عيش في رضاك مول,pos
,دعولى يا بنات امتحانى يوم الا,neu
,ا ه,neu
,و روحت الاهلي يا محمد يا ابراهيم ابقي سلم علي اينو و صبري و طارق السعيد و محمد صديق يوصل ان شاء ال,neu
,لأهلي دا فريق جبار الاعصار ن,pos
,ه ماهي نازله علشان عيد ميلاد مينا وسمعت ان ليها استضافات ف مصر ع السي بي سي ورو,neu
,ع النسيان مش هو الح,neu
, الغندور هدفي مبارة في ماتش انبي صحيحة و ضربة جزاء الزمالك غير صحيحة و ضربة جزاء انبي صحيحة و كان يجب طرد احمد ع,neu
,ساس وحش أوي لما تحس أنك بتخسر كل إللي بتحبهم بالتصوير الب,neg
,ي اسقط اسقط اس,neg
,و دراجونز حضروا ماتش الاسماعيلة النهارد,neu
,رف حالك أبوس أيد امك خليك ف,neg
,ك ثم ,neg
,قا,neu
,لبوس حاجه ممتعه الصراحه وحاجه حلوة فشخ واحلى حاجه لما هرمون الاكستوسين يبرد فى الافراز ونسبته تزيد فى الجسم احيه على دا احس,pos
, ندمانة بالعكس كفايا إنك عني دلوقتي بع,neg
,تفاء هو الحل ,neu
,ا اكتر حاجة ممكن تخسرنى حد انه ميصدقنيش انه يكذب الكلام اللى بقو,neg
,,neg
,رب اعرف اغش الدعوة دى مابيجليش قلب اد,neu
,ا هو في تسريب ,neg
,ل سنه وإنتوا طيبين وسنه سعيده عليكوا يارب ودايما متجمعين ع المح,pos
,لقبض على قاتل سعاد حس,neu
,يتر وناسه متقدمين عن الفيس وناسه بتلاتين اربعين سنة ضوئية فى كل حا,neu
,ي نعرف شن قصه شبكه ليب,neu
, انا وعهد الله حبيك,pos
,ة قل,pos
,حت البطانيه و جنب شاحن الموب,neu
,نا عن نفسي نص,neu
, هو انت لو موجود ليه ساكت على كل ,neg
,لعين فرسة من صالة المطار قدامى ايه الجمال ,pos
,مل ما بدا,neg
,خبط دماغك فالح,neg
,هور اللواء عمر سليمان فى احد شوارع المهندسين ليلة ا,neu
, واحد بيدور ع اللى بيتجاهلو ويحب,neg
,رجين مع شوية موبايلا,neg
,نا الدمعة هتفر من عيني يلا يا اووفر انت وهي دا انتوا بتضربوا بعض قدام,neg
,ت ايه غير رقة و نضا,pos
,,neg
,نا ولد بنعازي يكفيني عارف الصح من الخطاء وعارف امعمر الحقير انه كان عافس ع الحقراء اللي ف اللي,neg
,ه يشف,pos
,انا مثلك يارية تريحيني وانا اريح,neu
, إنت ياما غلطت كتي,neg
,ن آدم خطائون من ملحد لذوي الدقو,neu
,ما كنت مجتهدا بنسيان الماضي صدفة واحدة قد تعيدك للوراء ,neg
,ياا ساعه نجرب نفتح معش ف,neu
,رام ع,neg
,وما ما سيعرف العالم ليس ال,neu
,,neu
,ن عندي هواية التفال من المرت,neu
,اك آشخاص نحنوا لا نخسرهم إنما المواقف تغربله,neg
,ابس غوت تالنت حلقة الزيتوو,neu
,سااره علي طلع,neg
,ب مش على الناس اللى بتطرح افكار مختلفة العيب على من يعتنق كل ما يمر بمسامعه بدون تنقيح فهونوا على انفسك,neg
,هو بكره نقول كانت ذك,neg
,ي اللي ف بالي بالملي قمر ومن السما نز,pos
,هار اسود مش ممكن اصدق والل اروح ,neg
,عندكيش شخصية ,neg
,ه اهلاوى الى ش يعر,neu
, ذكريات في حياتك مينفعش تتقال لحد مش عشان غلط عيب تافهة لأ بس عشان حلاوتها عمر ما حد هيفهمها الا اللي كان ,neu
,ين الخلاف الاخوان والاسلامجية نفس الفكر اليميني الرأسمالي ولا حضرتك مش واخد با,neu
, لي متى ترسم على قلبي جراح منك الصبر ما قويته افقدتني ما احتوي,neu
,ادة حق بداية هي كل بداية لطريق الحق والنور تميز نجاح عطاء نسأل الله أن يحرم وجيهكم عن النار كماعهدناكم كنتم ومازلت,pos
,ا أردت أن تصمد للحياة فلا تأخذها على أنها مأسا,neu
,ما نقوللكم فيه ناس من كثر الاكتئاب لعندهم يتمنوا لو أنهم أنخلقوا حيوانات ما حد صدقن,neg
,تيب الأول,neu
,ئلة توضح معا,neg
,له الحكام دول محتاجين معجزه سماويه علشان يتعد,neg
,ش نا لي درتها ظلمتني محمد ,neg
,ليز اللي بيحب دعاء بجد يصووت لها نسبتها قليله شدوو الهمه دعاء السباع,pos
,جبتني جملة معتز مطر لما قال النهاردة مجرد بداية لسلسلة تسريبات لسه هتتذاع دي كفيلة لوحدها انهم يسربوا لاإر,neu
,,pos
,لدى لكن اسيبها او اتخلى عن جنسيتى مستح,pos
,ونا حاقدة عل,neg
,انت بالصحة والسلامة وسنه عزه ونصر ع الجيش المصري ان شاء الل,pos
,سى ارجع اعيش يوم واحد من ايام ز,neg
,نت لتقترب لولا الك,neg
,عب او,neg
,سوأ ما ورد في التسريبات الحاجة وتلاتين فهي تختصر قيمة الانسان عند العس,neg
,نت سري وانت ما نويت إكتشاف,pos
,يب واحد بيج تيست,neu
,ر بدا نو,neu
,م الليله معلق معايا انهارده او,neu
,عشم لما يطلع علي الفاضي بتبقي اكبر مقلب ممكن تاخد,neg
,نا نفس الكلام بس تويتر بس تقريبا بيضيع وقتي جامد و فنفس الوقت مش عارفة ابتدي اقفله من امتي مثلا بدل ما ازهق بد,neg
,دى احساس قوى ان فيه حياه تانية غير اللى احنا عايشينها ,neu
, انتا بردو ابن ك,neg
,ك عش,neu
,ش خاين مش خابن وبيكره الاهلي مش حصدق استحال,pos
,ا مسكينه بعينك الله معك وقت تنامي اقرأي المعوذات و,pos
,با استقرار في الب,neu
,ع بحبك علي الانثي ترانيم وتناغم موسيقي الطبيعه مع بعضها البعض فإن كان في استطاعتك ياأدم قولها لاتتردد فهي تحب ان تسمعها كل حي,pos
,مكن علي مناطق معي,neu
,نا عنده مشكله و ومحتاجه مساع,neg
,ود اللي فيني هالايام أبرد من الاربعه اللي كانوا يعزفوآ على سفينة تايتنك وهي تغر,neg
,لجهل يحقق رابطة متينة بين الفئات المصابة به ويرصها جميعا صفا واحدا ضد الأعداء وراء الجدار في حالة استعداد دائمة للبدء في القت,neg
,رب الكليه تولع الصبح قبل الأمتحا,neg
, هو علاج مرض القل,neg
,كن دور بدون كلام هذا اصعب نوع من انواع التمث,neu
,رب في جوف أرضگ أموات أبعدهم القدر عنا ف أرحمھم برحمتگ و اغفر لہم و وسع قبورهم و أسگنہم فسيح جن,pos
,خ ماجد سامي قال يعني بيحتفل بالهدف لوادي فجلة ناديه ف الدوري قام عامل اعلان كل اهدافهم اللي جابوها ف أصل الزمالك بيوج,neg
,ا تحس ان وجودك زى عدمه يبقى عدمه احس,neg
,ل حكيم هل هناك أقبح من البخل قال نعم الكريم إذا تحدث بإحسانه لمن أحسن الي,neu
,ايق من طريقتي دي لأنها بتوترني و بتاخد مساحة كبيرة من تفكي,neg
,وعين اللي فاتو كانوا من أكبر فترات الضياع اللي عشتها فحياتي فيه حاجه غلط بج,neg
,نوزتنا عايزينك تنورى مصر قريب وتحية من مصر لاهل الجزا,pos
, ناطرين التلج ما عاد بدكن ترجعو,neu
,ا عم عارف طب حاول تفتكر ولو ما افتكرتش لما اشوفك هبقى اق,neu
,ن يقول لي أحبك ينزاح الظلام ويعم السلام ويغني لي الزه,pos
,ومال يابنتى احنا نواينا صادقه بس حلو الهاشتجين دول عجبن,pos
,يديو الطب الشرعي يكشف الستار عن عدد حالات الانتحار في شاهد الفيدي,neu
,مة الاسلام اشي لا يقدر بثمن الحمد لل,pos
,نة كانت لما بتضحك يحلى فى عينى العمر الجا,pos
, كل بتبقى زي ما احنا شايفنه,neu
, هنسى ان اول بنت عملتلها ادد ع الفيسبوك عملتلى بلوك قبل ما تعملى اكسيب,neg
,صير يصير مش يقولوا انه الاموات يسمعوا ,neu
,تاخد زمنها و زمن غ,neg
,كى اهاتى ااه واه اهاتى ااه وقول يادنيا خدى وهاتى خدى وهاتى دة انا المغنى المغنو,neg
,باح أورد من أحمد انا بحب سكس انا بحب الزمالك الرضاعة من كل حتي ,pos
, مبين اي حاجة وعمال بتتألم مش مبين بس دمعه من كتر بكاه علي وشه عل,neg
,ل ف الميزان لكل خلق الل,neu
,كتها بس لوحدها قصيده شع,pos
,ب معلش يا جماعة نجرب بس كوت زيس تويت ويز ا سيلفي بس راعو فينا ربنا دول مرعاوش حاجه ولا راعوا فينا ربنا ولا الهه الشمس ح,neg
,حان الله وبحمده عددخلقه ورضا نفسه وزنة عرشة ومداد كل,neu
,تحانات علي الاب,neu
,ب ناس بتخلصه ناس تانيه خا,neg
,احد بيقول البص عايزا جزئه يتثب,neu
, حاجه حرام بتبقى بنت وسخه بي مغر,neg
,نية اللى تهز قلبك وتنزل دمعتك وتقربك لربنا يترفعلها القب,pos
,نسي مبتفرجش غير علي باريس سانجيرمان عشان لويز وإبرا وب,neu
,مط شعور تقعد مضايق و تفتح الكاميرا الاماميه بالغلط يعني هو الواحد ناقصه ,neg
,سل,pos
,حفة الصورة ايوة كده الا انا عينى وجعتنى من الابيض واس,pos
,ب ما رولا كان المنتج انديمول كلوديا بتعتبر مسلسل وبتتحكم فى احداثه وقالتها مره هما ادونا حياتهم شهور تحت تص,neu
,بوني آدعو اني اعيش طول العمر مع داد,pos
,ا عايز حد يكون عايز يفضل و يايا بدون أسباب دورت ف كشف اللى أعرفهم ف لقيتنى أخدت الكل غ,neg
, يسولي حسابي كيك ماسنجر بليز ناط,neu
,بحو علي خ,neu
,لتل,neu
,م اني اسالك موجبات رحمتك وعزائم مغفر,neu
,ن نرفض أن ننزل لمستواهم لا يعرفون أن ثمة فرقا شاسعا بين التكبر و الترفع الترفع شيء يشبه نصيحة أهلنا لنا ونحن صغار إياكم وأولاد الش,neg
,ت لحظه جت تداريني وتعدي انت عمر صرت اعيشه من جد,pos
,س باين عليك لي هلبا في ل,neu
,وا البينا زى ما يكون علاقه صداقه حب وجنو,pos
,مكن تتصل برقم من نفس رقمك مقابل قروش للمكالمه وتتأكد من تسجيل بيانات الخط يا محم,neu
,يطول بسرعة لما اقصيه انتي حل,pos
, تعليق اطلاقا يعن,neu
,ا بحب الناس اللي بتدعيلي او,pos
, الالحاد بقى موضة هو ك,neg
,اسة مش متأك,neu
,عى فى يوم تنسى آنه ,neu
,احبك اللي اقرب ليك من اهل,pos
,ميس الحديدي تودع عب,neu
,ي دى كيوت خالص يعنى مش بتحبى كيرم,neu
,تمسكوا ف خناق المصريين كمان مش كنا حبايبكوا اول البرنامج لا اله الا الله ع الغ,neg
,بية ترحيلات المساجين السياسين انهارده في اسكندرية كان فوق صوت السرينة صوتهم جوا بيقولوا ثورة ثورة ثور,neu
,يروز ليالي الشمال الحز,neu
,ساس حلو ام تطلع هدوومك بتاعت الشتا وتلاقي فيها كنت نسيه من الشتا الا,pos
,ويس نشوف شك,pos
,ها الزمان ما أثقل وزنك على ظهورنا وأكتافنا فكلما كبرنا نحن ثقلت أنت وكلما حملناك انحنينا كثير,neg
,اه يا عباد ال,neu
,ريا الشمالية تصف أوباما بالقرد بعد حرمانها من الإنترن,neu
,ل انت تتعاطى اى نوع من انواع المخدرا,neu
,,neg
, جماعه البت عنيها رهي,pos
,ا انحبش محمد ه,neg
,ا عامليين نفسههم بيحبونا وآحنا عاملين نفسنا مصدقين وكلنا بنستهبل علي ب,neg
,س هناك رجل يستحق ان تبكى من أجله ولا تصدقى انه حزين لفراقك ف دائما عند كل شرقى بديل نزار قبا,neg
,ه مافيش ,neu
,رف علي طبيعتك هو احسن حاجةمش مضطر تثبت حاجة لحدمش مضطر تثبت حاجة لنفسكمش مضطر انك تعمل اي حاجة عشان انت متصالح مع نفسك وعجباك ك,pos
,بحب الأجندة المتقسمة أيام بردو مش اللي كل يوم في ورقة وكبيرة جدا دي بس مبستخدمهاش وبحتفظ بيها زي ما هي كده جديد,pos
,و امطرت السماء حرية سيفتح العبيد الشمس,neg
,لي قلب في المعتقل افتقده بشد,neg
,لى السيسي ينفع,neg
,بتعد و و حبايب وانتفاضة فرق القاع في ثام,neu
,يتر و سناب و فايبير مرض جديات قعد معش تقدر تقعد ب,neg
,نا ينتقم من كل ظال,neg
,ورك كلها يا ,neu
,فارة الكوي,neu
,قاء ليها على البيدج بتاعته,neu
, حول ولا قوة الا بال,neg
,قنعنيش انكوا بتحبوا بعض من على النت منغير متشوفوا بعض شغل منتدى زهره الخليخ د,neg
,كلتنا ان احنا عاملين نفسنا فاهمين الدين صح و مش عارفين اننا لو حاولنا حتي نفهم مش هيكون دا حالن,neg
,يسعدكم اجمعين آمين ,pos
,كت عن الحق ابن وس,neg
,ري صبي حلواني خريج اد,neu
,لوقت و الإهتمام هما أجمل و أثمن شيء قد تهديه لشخص تح,pos
,بنا يخليكى يا ر,pos
,لى فكرة اللى بيكتب بايو جميل و ورود وصورته حاطتها عيون و رومانسية ويطلع فى الاخر أخوان ابن كلب ويزعل منى عشان بشتم فيهم طز ف,neg
, تعدل احكامك يا اما تلم تسريباتك كفاية فضيحة ريحتكم بقت معفنة وفايحة خل,neg
,نظروا كيف تسلكون بالتدقيق لا كجهلاء بل كح,neu
,صدي سانتا بتاع ا,neu
,كري وفاة صحبتك هو هو يوم عيد ميلادة واحدة من صحابك التانيي,neg
, حتي بيقدرك هيعرف انك متدايق مش لازم يكلمك علشان يع,neu
,قبال الباقي يا ,pos
,م أشرح صدورنا بالقرءآن اللهم نور قبورنا بالقرءآن اللهم اجعل القرءآن شافعا,pos
,حمد شاهين يغنى هان الود لعبد وهاب ويغنى هوا ومينا اغنية لمصر,neu
,ا شاء الله ربنا يخليها جمي,pos
,ن اجمل النآس اللى شوفتهآ ف حيآتى والله حآجة صغننة كت,pos
,اشية بضهرها و حطت ,neg
, مع,neu
,رفين آحنآ ليه جيل مكتئب عشآن عرفنآ كل حآجه ع حقيقتهآ بدر,neg
,اء ينسي ولكن النتيجة تبقي بولس سيزار مالديني تعليقه علي فوز منتخب مصر علي منتخب إيطاليا صف,neu
,ه يسمح درو,neu
,م امتحان انهار,neg
, هى بتعند معاك حاول انت تحتويها وتخليها تعمل اللى انت عايزة بس بمزاجه,neu
,لب حسام حسن من اداره الاتحاد السكندري التعاقد مع اللاعب لتدعيم صفوفه و بالفعل تعاقد معه الاتحاد اعاره شهور من الزمال,neu
,م اتكسر ايدكو علي جن,neg
,يه ,neu
,ن سماءك ممطرة و طريقك مسدو,neg
,حاد الكرة المصري النادي المصري البورسعي,neu
,,neu
,ه ب,neu
, ش,neu
,لطه مطبعيه الواد صاحبي ابن الكلب قالي غغط وبعدين صلحل,neg
,ة ر,pos
,ينا عطا هنلعب سوا بالترند اسئله عن مينا هنشوف مين اجمد ميناويه عارف كل حاجه عن مينا بالاكاديمي لازم الاجابه بالت,neu
,ن الحاجات د,neu
,وسكار احسن ,pos
,جمل احساس في الكون وال,pos
,م أجرني في مصيبتي وأخلف لي خيرا ,neg
,ملت كويس حمدلله عد,pos
,تحول جنسيا من ولد إلى بنت يتراجع عن إجراء العملية بعد خضوعه لجلسات العلاج النفسى مل,neu
,م أمسينا علي رحماتك فأتمم لنا غفر,pos
,س بامان يملانى لو بنطق حروف اسمك ساعتها لو بموت ترجعلى روحى فى حاجة نفسى فيها ياما حلمت بيها تخدنى حبيبى فى حضنك ويقف الز,pos
,ا تيجى للفاينل بحس انى فيا حاجه غلط فين اللى هعوض فيه ,neg
,بكانى كمدا وقه,neg
,اعآدتك تصنع من آلحروف كلمآت غآية في آلرؤ,pos
,ما أسماء حمدي أخدت واللي معاها أخدوا خمس سنين مستوعبتش بعدين قلت فعلا النظام ده مش هيكمل خمس سنين ويارب ما يكمل س,neg
,بنا يسمع منك ن الواحد يقول ايه فى تطويل المحك,neu
,لى هيكسب فرق سكور كبير ن,pos
,احب الضربة الجوية الاولى دة قرار الرئيس انور السادات وعاطف السادات اول من قتل فى حرب اكت,neu
,جامعة ما قب,pos
,اشي اامر يا افن,neu
,نرتي وبآقآت آلآمتنآن ل مرورك آلمشرف ولك مني باقة ورد هي سلا,pos
,ينا عطا ايه دا بقا دا بقا دا بقا د,pos
,ئك اج,pos
,قف وسلم علينا وكنت هحذف المنشور لقتكو حذفتونى شكراا ليك,neg
,ل طالب يجتمع عليه حب الطب كلهم ويطالبو كل فانزاتهتم بالتصويت لي,pos
,لب الوحيد ف تاريخ ستاراك اللى غنا لهحات ولغات مختلفه وابدع فيه,pos
,زال جاريدو بيج,neu
,ان معرص والناس عارفه أنه مكان معرص وبرضه بنقعد فيه نموت في جلد الذات وال,neg
,ه قلبك ده فثانيه علقني ب,pos
,ره البنات اللى بتتكلم زى الولاد و عامله نفسها عبده موته انتى مقرفه اوى ع فكر,neg
, سألتك انت مصري هاتقلي ايه هقولك قدر الله ماشاء ف,neg
, أم محمد الجندى والاستاذ ابوجيكا مش سامع لهم صوت يعنى نارهم بردت خلاص ولا اي,neg
,غر طالب سنا ف تاريخ ستاراك ياخد اللق,pos
,غيابهم ليتك تذوق غيابه,neg
,تجم,neg
,نا عطا مينو اتاخرت ليه يا ,neu
,و الكلام اك,neu
,ن احمد يونس ياخد اجازة من البرنام,neg
,نا عطا منا عطا هو ال اجبرني اتابع سيزو,neu
,خلو من الفبركات مهما حاولوا أن يطمسوا أو يدعوا أو يخدعوا فلن يصدقهم إلا من أصبح يهودى ويستحب الخد,neg
,لة النفسية الزفت دى هتموتنى قبل ما تخلص و افوق ,neg
,نا مش بنيك عيال يابنير روح العب فى حلمة ماما احسن,neg
,ن البشر تايهين من كل كأس شاربين زفت,neg
,هو العلم علي وسط الموزة لية بتحكموا صاحب محلات التوحيدوالنور ياولاد الوس,neg
,يس القادم ارسنال ساوثامتون تشلسى توتنهام مانشستر ستوك سيتى السيتى سندرند جوله هيا اخر فى مصلحه ارسنال فى حاله الف,neu
,رب انا عاوز نعمة الصبربس بسرع,neu
,ن ال لبس تشيرت فى الجنه يا يوس,neu
,,neu
,عد مس,pos
,فيگ عبثا بنا أيهآ آلشوق فقد فآض آلقلب وجع,neg
,اء كل واحد فينا واحد واحد بيستظرف وعاملنا قارنين مش لازم القرنين يكونو مباشرين مهو ممكن تكون متجسدة ف موقف غل,neg
, رب ليس بجدي ولا إجتهادي إنما بتوفيقك اللهم وفقني فإن التوفيق من عندك واشرح صدري وسهل أمري فإن التسهيل من لطف,neu
,ا مش واخد بالي مالها د,neu
,نا هنبتديها كده ,neg
,م سعيد عليكم يار,pos
,فيش اعاده النهار,neu
,لاطفال التبت,neg
,يما معاه و روحنا فد,pos
,اره محروقه وطياره مفقوده العالم بقي كار,neg
,,neg
,صادر خاصة لرصد الرئيس محمد سيتحدث في كلمة للشعب أمام المحكمة بقضية والمقررة يوم الثلاثاء ديسم,neu
,,pos
,ا شايفة ان الدنيا اهه بتلف علي رجب الطيب واوباما وبعدهم اسرائيل وقطر ح تلحق ن,neu
,يش احسن من الشخص اللى يفهمك وانت زعلان حتى لو ضحك,pos
,,pos
, بيضربه بالشلوط يا حك,neg
,منى وجود الفنانة ضمن المرشحين للجائزة لهذا العا,neu
,تفال عائلة راديا نينجولان بعيد الميلا,neu
, المدرسة كنت أظن أن الدرس الصعب هو الذي يستعصي حفظه أما اليوم ف الدرس الصعب هو الذي يستعصي نسي,neg
,فم ضحكه وف القلب حك,pos
,دمح,neu
,نا عطا كل ال بيكتب اكتر من تاق يركز ع تاق اللقاء بس,neu
,ينا عطا الكل قدام ال وكانه مباراة المنتخب في نهائي امم افر,neu
,ببتك مرغما ليس لأنك الاجمل بل لأنك الأعمق فعاشق الجمال في العادة أحم,pos
,ام ابتداءي يعني المتعه و الهلس كورهطوباتالمنديلبيوضه الواحد مكنش بينزل بفلوس وترجع هدومك متبهدله من كتر اللع,pos
, حفظ كتاب الله ألق اللوم على نفسك بالتقصير أو التأخير ولا ترمى به الآخرين من زوجة أو أبناء أو الوالدين أو عمل والتزامات الحي,neg
,,neu
,هم أنى أسالك قلب خاشعا وعلما نافعا ولسان زاكرا وجسدا على البلاء صاب,neu
,دالظاهر هايل الشوط ال,pos
,لك فى مصنع الدخيلة مثل و الذى لم يتم سداد قيمة اسهم عز فيه حتى الان والمتورط فيه وزراء سابقين احدهم عمل بالمص,neu
,نا رنا رنا عايزه خمس بوسات عشان العين والحسد يالا يا قل,pos
,انا اتعودت احلامي اشوفها بتجري قدامي و ماالحقهل,neg
,ودو يا قمر كنتي منوره انهارده حبيب,pos
,لصة ومطمنة وهصحى بكرة ابدا تانى اللهم لك الحم,pos
, الجمال كساك من ورق المحاسن ما كساك ونبت بين جوانحي والقلب من دمه سق,pos
, ف كتاب كدة كانو مشبهين الروتين ب الإنسان اللي بيدخل النار كل يوم ويطلع منها يغير جلده ويدخل تاني دايما بقي متخيلين احنا بؤساء أد ا,neg
,تمنى من حضرتكم لقاء مع الفنانة الشابة دعاء السيباعى ولكم جزيل الشك,neu
,نتا بتطلعلى منين ياجدع ,neu
,نتا بتعمل ا,neu
,ا شيكا قبل كده اول ما جه من اليونان راح الاهلي مستبعدش الصراحه انه يكون مضي ومن قبل لاعيبه كتير مضت للاه,neu
, مشكله فى نظام الاندوريد منذو قليل كل واحد راح يتقفل حساباته با الفيس وتويتر ومحتاج تسجيل الباسورد من جديد الناس ال ناسيه الباسو,neu
,ك جزيل الشكر استاذ ع ردك الجمي,pos
,سيبهم وامشى عشان مسمعش كلامهم تا,neg
,,neu
,راقه روح محطة الرم,neu
,م اقض حاجتنا التى نستطيع صياغتها فى دعاء انت اعلم منا بها واقد منا ع,neu
,ا في غيرو يفرحن,pos
,نتظرك مهما طال بي الزمان فأنى رفعت يدى داعيا باسمك والله لا يرد اليد المرفوعة اليه بالدعاء اليه خائبه ابدا,pos
,ا تجيبي الايفون ح,neu
,لم اللي علي ماكس خلص نروح ل ام بي س,neu
,نه للنسياا,neg
, يسامحك مابي أدعي بلحظه غض,neg
,نتكبر ونتغر عليكو,neg
,باب رتويت هنا بليز ضرور,neu
,ب ما انا كمان واقفه عادى يعن,neu
,ه ملقتش اللى يحبني زى مابحب,neg
,م ده فيلم أنت البطل ف,neu
,ا مينا مشلش الفولو من عندها انا من فانز مينا بس فين انفولوا ,neu
,گ ساترها ع الن,neu
,ستاذ محماه كان كده ياع,neu
,,neu
, الحياة عطيانى ضهر دين امها ل,neg
,حسن الجلاد يكتب ثورة وبداية الانه,neu
, بين الثبات والسقوط تأرجح حافظ علي نقطه الثبات حائلا ت,neu
,اح الخير يقول ابن الجوزي الزمان لا يثبت على حال فتارة فقر وتارة غنى وتارة عز وتارة ذل فالسعيد من لازم وهو تقوى الله جل جلال,neu
,هو شغال عادى المشكله فى الفون عند كله حاول تحب اللاب بق,neu
,وعة يامصر ام الدنيا بعد زمن فساد مبار,pos
,ه الحك د,neg
,اذا سلوني الناس عن حبك أقول بلا سبب ماهو ضروري أقنع العالم بشي جازل,pos
,نا قلقت من نص ساعة كدة مبحلق ب التويتة ومش عارف ارد اروح شوية وارجع افتح بقي مش عارف اقول ا,neg
,سس ان كل كلمه بكتبها هتشرد عليها بعد كده سامحنى يا رب بس انا انسان فاضى ف بسلى نفسى بدل ما اكتئب و اشد بود,neg
,جننى قوى يا فرسه يلا تعالى خ,pos
,بكم كريم رحيم تواب عودوا إليه واسترحموه واستغفروه مهما حصل من الذنب فإنه يغفر الذنب ويقبل الت,neu
,ه طريقك وحدك قد يرافقك فيه أحدهم لفترة من الوقت لكن لن يكمله أحد غيرك جلال الدين الرو,neu
,ش عارفه الصراحه معرفتش ا,neu
,ش لوحدك حتى لو هتموت احسن من انك تفرض نفسك على حد مش عي,neg
,بحبش اللى بيعاملنى بمجام,neg
,ربية لحمة جنب كام جسد اتقتل واتحرق فى طب خلوهم آلاف بعددلحومالبشر اللى جزروهم وحرقوهم فى واخواتها واللى رموهم الس,neg
, حد بيكره حد مستحيل تشيل الفكرة دي من د,neu
,ابنى انت وهوه هناك فرق بين الاقتصاد القبلى أو العائلى والاقتصاد القومى القومىبناع الدول ده علم كبير ومستوى تانى خال,neu
,عالى على زوبرى يا شرمو,neg
, التريند ماله اهبل كد,neg
,سفين يا توب انت صح عمال اقول بالحنية اهو واحد افطرها ف اسكندرية طب واحدة عاوزة ورد طب واحدة عاوزة قلب فاضي قلب هادي محدش بيك,neu
,رب مصر على ارهاب بكرة هتدرس زى حرب اكتو,neu
, اللي من مابترسمش عل,neu
,ه عل,neu
,ما قال معتز الشعب كله بقى من ,neg
,تضي العب,neg
,,neu
,ايك معا حمد ويقولوله دود,neu
,انتى حد وجهلك كل,neg
,يه يا اسطي حنجرتك بالدنيا حصل ايه ,neu
, مكنش عندى برد كنت شخ,neg
,داف وفرص ريال مدريد في كلاسيكو كاس المل,neu
,ك ليا غالى عليا أحسه بقلبي و أشوفه بعيني حبك ليا بيطمنى بيعيشنى أحلى سن,pos
,لا دي تصحيك من النو,neu
,ى اخويا يابنى ارحم,neg
,ا ربك بغافل عما تع,neu
,كن سوال هو على جبر موقوف ولا مستبع,neu
,لاص مهو دخل افكسو مالهاشتاج ده ونكتب هاشتاج ترحيب بيه فتوي,neu
,ورت توتير يا م,pos
,بنا دمنهور متصدر لا تكلمني المصري هيعملها مع انب,pos
,ذا عبرتي أأرض عشقى فسلمي واحتضني قصائدي التي ڪتبتها من أأج,pos
, دفئها ضل السرير يغار استوحشت اناملي واضافري غاصت بخصر من ثمار وتوطنت شفتاي من بعد ابتداء ترتشف شهقاتها كلما زاد الثوار اكليل ورد رح,pos
,رة اللجوء الى صلاح اللى هو انا يعنى بتخلينى اعدى حاجات كتير بفضل ربنا علي,pos
,ه ينور ياسط,pos
,بيبتى انتى ربنا يقومك بالسلامه ويشفيكى يارب اول ما تطلعى طمنينى علي,pos
,نصر أحبيبى عامل اه فى الامتح,neu
,مة القسوة بحق ذاتك أن تعيش على إرضاء من هم حولك ليعيشو هم على كسر كل ما هو جميل في,neg
,ااشي انا هربيك يا ع الكلام ,neg
,منى الماتش فية اية ورايح فين مش بتف,neu
, مسهل ,neu
,د مراحل النضوج العقلى إيقانك التام بأن كل شيء له نهاية مهما كان سيئا أو جميلا بحي,neu
,بل السئ لان الاسوء قا,neg
,يه العلاقة المتدهورة د,neg
,ني ماريتيمو عايزين مليون جنيه علشان يرجعوا محمد ابراهيم وانبي عايزه مليون في مومن زكري,neg
,لتواصل بيننا علي توتير دا نوع من المودة والرحمة وزم نسأل علي بعض ونطمئن علي بعض ياريت اخق الكريمة تسود بين الن,pos
,مئنان أن تخاف فتمسك يدك وتضعها على قلبك وتقول يا رب هذا القلب وهبته لك قربه منك حتى الأمان حتى الإطمئ,pos
,وقيه قبل الام,neg
,عناها مش المعني الظاهر معناها نفسها في الجنة هتكون في حال افضل وده الق,neu
,ن نفسي اتولد مخلص ه تعل,neg
,يوه يا ر,neu
,خنق اوى من الراجل اللي ع طول ف ايده كيس لب وطول ما هو ماشى يقزق,neg
,ك تنيك بناتك هيك وتحس بللذه بج,neu
,رحبآ ,neu
, اجمل أن تتنازل عن كل ممتعات الحياه و تجلس ساكتا وحيدا متأملا منظر السماء في هدوء تا,pos
,لصت الريبور,neu
,ت هفضل كل ده مستنى ايه حب ايه اللى انت بتدور عليه بعد الغياب ده مفيش عتاب اتهز لي,neg
,حسن ولا التمرحن,neg
,ه لم يصل في المانش,neu
,لتقى الرئيس الصومالى بقصر الإتحادية للتفاصي,neu
,ت وامها اللذ لذه في الكرسم,pos
,سكندرية عايزاكم والله م,pos
,اهو اصل اي واحد هايدخل الهاشتاج هايعرف انه مش ترند دا بوست متكرر مافيهوش تفاعل يعني ولا ناس بتك,neu
,لى اسبيل السعادة اخيرا قبلت بسبوسة وقولتلها واديتها الهدية بتاعته,pos
,ر فقر القيمة وانتوا أغنى ناس بالفق,neg
,اتار العو,neu
,اجة فى منتهى التفا,neg
,دونى بز,neg
,كل اخ,pos
,ل سنة وانت بخير واسرتك الكري,pos
,نا يرحمك يا يوسف أتمنى ربنا يكتبلنا إن الدوري دا بتاعك يا ,pos
,ا سماحة عندما سعيت لدعمك تعرفت علي اشخاص يملكون في قلوبهم الطيبه ويسعون لهدف هو دعمك الجيش الرنوش,pos
,ا سماحة فخامة الاسم تكف,pos
,تى نبدأ امتحانات بق,neu
,ف مش قادر انسي اصل,neg
,قيقي فعلا لك كل الاحترم والتقدير ,pos
,نتي ملكه يا شيرو,pos
, شي جديد سوى أن أعمارنا تزيد ولازلنا في حق ربنا مقصري,neg
, عارف الم المنه,neg
,كر ج,pos
,ستاذ امير بعد سلامنا وتحياتنا وانك كنت خير ممثل لمصر في لجنة حكم ستاراكاديمي نرجو من حضرتك انك توفي بوعدك لمحمد شاهين وتقف مع,neu
,ونك لا طعم لوجو,neg
,ان سهل بس طويل جدا الحمد لله عقبال الباقي انت عملت اي,pos
,توقعي انتي هتشوفي خيرف ح,neg
,ا فضولى ف,neu
,حد ابن كلب وسخ عقيم بضان وقف القطر الله يحرقك اخر,neg
,ا انا دراعك اليمين يا كب,neu
,يروو كاان نفسناا تحضري ووتولعوها المصريين بس تتعوض ياريت تحتفلو بعيد ميلاد,pos
,اح الخيرا,pos
,م طيب حسالك تاني تس,neu
,ك حب و لصوتك اضعاف,pos
,دما تتحدثون عن الطرب يجب عليكم ذكر رنا سماح,pos
,دي جاجا لسه معدتش التلاتين س,neu
,نيه دى انا حبتها واول مره اسمعها كانت من يوس,pos
,روح علي صورتك اخدها في حضني وانام اهي حاجه بتصبرني علي الايام دايما روحك حوليا وفي كل مكان وحشتني او,pos
, يعنى اروح اخدلى استراحه مذاكره فى الفاصل بدل ما اشيل الترم ده اول سنه فشل كد,neg
,لهو,neg
,عني مش كلنا فاضل هبه ونورهان وايمي بس تمام يعني هنشتغل ع الهاشتاج ولا اي,neu
, بتسق,neu
,يما بتاخد مننا اعز واغلى ماع,neg
,ور هو اخر مخبا تلجأ إليه المرأه الفاش,neg
,مكن نتحدث علي الوتس ,neu
,مد ابراهيم راح الاهلي ب,neu
,م اجعلنا من أصحاب القلوب الطاهرة البيضاء يارب العا,pos
,اجة تزعل ب,neg
,,neg
,اج تشبسي الخميس القادم بالتوفيق للحكا,neu
, قادرين نصدق انه هييجي يوم ونبكي من على غياب نفس الحاجة اللي بكينا عليها ل,pos
,ابن مسعود رضي الله عنه هلك من لم يأمر بالمعروف ولم ينه عن المنكر فقال بل هلك من لم يعرف قلبه المعروف وينكرقلبه المنكر الأولي,neu
,اح الخير يا غايب يا سكر في العسل دايب عسانا بس في بالك عسي ظنى ماهو خا,pos
,ري الحاجات ال في خيالي ممكن يوم تحص,neu
,ام مسلم تتلمذ على يد الامام البخاري وقال للبخاري دعني أقبل رجليك يا أستاذ الأستاذين وسيد المحدثين وطبيب الحديث في علله البخاري ومس,neu
,م لآ سهل إلا ماجعلته سهلا وأنت تجعل الحزن إن شئت سهلا وماتوفيقي إلا بك يالل,neu
,تبلك لقد كانت سنه رائعه رائعه شدوتها نصنا م,neg
,ه تمام نحمد ال,neu
,ض آلأشخآص مثل آلكتب قد يكون آلعنوآن جذآب ولكن آلمحتوى لايستحق آلقرآ,neg
,مانى الخياط دى المصريين متبرأين منها اصلا ولا حد هنا بيتشرف بيها اسا,neg
,دوني وعلموني ه,pos
,ا تقريبا خلاص ك,neu
,ي تفضلوا صاحيين معاي,neg
,يب وأقول دا زمانه ن,neg
,تو بقيتوا منتشرين كده ل,neu
,ن لا أحاول استباق الأحداث وأن أتعامل مع كل يوم وفقا لما يحدث فيه لأن بعض الأحداث قد ينتج عنها تغير كافة الاحتمالات للأ,neu
,يأتيك البرد من حيث لا تع,neg
,كره مينا دى حريتك الشخصية بس متحجرش على راى غيرك ويكفينا ان كنوز بتح,neg
,قى من الزمن دقائ,neu
,وان عجيب و غريب سبحان الل,neu
,ى مكان بعيد عن المخروبة ف هو كو,neg
,تتمني ايه في سنتك الجديده من الناحيه الشخص,neu
,ى مسلسلات لاى جنسية بيبقوا مهتمين بابراز اجمل ما فى بلادهم احنا اعوذ بالله بنتففن فى اظهار القب,neg
,لرد كمان مش حنضحك على روحنا بعض اخوانا العرب بيجيوا من الصورة دى فاكرين ان مصر بيت دعارة مفتوح وان ستاتها مستباحة من الواقع,neg
,نتي ايه مبتخلصي,neg
,مات بتخليك تنشف ك,neu
,ه عيوني شوق اشوفك عاليه فوق لاجل اللي ضحي ومات عشان اسمك يع,pos
,ن الولد فت,pos
,م الي علمي انك اتخرجتي وا من هذا المزنق احب اقولك مبروك وربنا يوفقك في حياتك وتبقي دكتوره كبيره كدهو,pos
,وعى تكون زى تياستو كفاية عليا ,neg
,ام سودة في وشي من يومين مش عارف لي,neg
,شفتش احلي من كدة ولا اجمد من ك,pos
,عن دمعة تانية لما تفتكر مواقف بينكوا ربنا يرحم موتى المسلمين جمي,neg
,رة مش هانت دي اته,neg
, مغني طالع جديد بيعمل احسن ماعنده عشان يعجب الناس اول ما يتشهر ويزيطو عليه بيبقى خرة لانه خلاص الناس عرف,neg
,حد صاحبى فى طب تعرف انا حلمى اشتغل نايت شفت واعمل جانج بانج مع المم,neu
,ميتشين اهلك ياشيخ,neg
,افتكرت لما جت عينى فى عينه سنينه معا,pos
,د الناس اللي بتعمل فوللو و انا اعملها فوللو و يروحو هما عملين انفوللو انتو متستحقوش تعيشه لحد بك,neg
,س انتوا بتغلطوا ف المصريين كلهم ودى قلة ا,neg
, قابلت سانتا كلوز حطلب منه فعلا اطلع للمستقبل اجيب فلوس وموبايل بطاريته مابتخلصش وارجع تاني بعدها للتسعي,pos
,حش حاجة في الدنيا تبقي عايش و انت مش عارف انت عايش علشان اية و ملكش هد,neg
,لتويب الكبير اللي يعمل فولو لتويب صغير يقوم التويب الصغير يعملوو فولو يقوم هو عامل شغل حمو وقع,neg
,ح علي جيرانك ,pos
,ا قررت معملش فلو لاي حد ف ثانويه عامه لانهم عقدوني بصراحه حاسس ان كلهم هيسقطو السنه د,neg
,ي النقيب العام سامح عاشور نقيب المحامين ورئيس اتحاد المحامين العر,neu
,ريم أستاذنا رافت بك نجي,pos
,و سيبك انت من الناس الهدامه وعلي راي المثل الكلاب تعوي والقافله تسير خليهم ي,neg
,يديني عشقا زيديني يا احلى نوبات جنوني زيد,pos
,نتى الى كاتبتى الاول كده يا بت بلاش تحوير الكلام ك,neg
,خراابي ع الضحك مرتضى ع الطاول,pos
,ني اذاكر مادة كويس اووي و اجي تاني يوم اذاكرها الاقي نفس,neg
,كتبى انتى انتى الاول بالبحث عن فضائح بل,neg
,و فيه شاب بيلبس بنطلون احمرعيب او,neg
,وارة عمري مروحتي قنديلي بوح بساتيني مدى لى جسرا من رائحة الليمو,pos
,وفى المقال دا عن بنات المغرب وتهيجرهم للخليج للدعارة هه دا انتوا الى مسخرة ب,neg
, سع,pos
,ه نحسدكم ع الخنزير دا طب ع ايه دا شكله مجنون اص,neg
,ا هسمى ابنى نايف عشان اصحابه يحطوا عليه و يكره,neg
,هتفضل احساس الأ,pos
,ه و الله انا المفروض ادخل موسوعة جينيس عشان استحملته و ال,neg
,هم لا شماه عليكم فضايحكم ف كل مكان ف الخليج وف العالم كله يا بلد لوطى يا شعب عب,neg
,ا في حالة برود غريبة مع اللي حواليا مبقاش يفرق معايا مين يسأ ومين ميسإلش ولا بروح لحد اشوفه مختفي فين ولا حاجة من الكلام ,neg
,ا كرهت الظر,neg
,ا صاحي لحد دلوقتي مخصوص عشان اصلي الفجر ربنا يهديني كده في باقي الصلوات بقي واكمل قرار اني اصلي علي خ,neu
,اة ركعتين بين ادين ربنا ب الدنيا كله,pos
,صانا حتما يرج,pos
,ر سانتا أنا عايز أن,neu
, صعب فعلا واحنا بنستحمي وخايفين ندخل تحت الميه بس الاصعب واحنا طالعين وبننشف جسمنا والاصعب واحنا خارجين من باب الح,neu
,ي آيام عايشه ع الشاي بلبن وبس آنا حزناا,neg
,بنا يكرمك ياارب وتنجحي انتي كمان ومن قل,pos
, رب انت عالم بحالي فار,pos
,نا ديموقراط,neu
,ال من أشرقت الشمس بأمره وتوزعت الارزاق بكرمه أن يغدق عليكم رزقه وبركته ويبلغكم أعلى مراتب الدنيا وأعلى منازل الجنه صباح العشم في ال,pos
,انة وكدب خد عندك تلاقي كت,neg
,ح ل,pos
,ل يوم فرح بطبيعه شغ,pos
,فظوا الرقم دة واتبرعوا ليه في فروع ينك مصر الخيري جمعية شباب يناير لتنمية المجتمع بالشبر,neu
,ها أمي يابن الم,neg
,رجوكم ادعموا محمد شاهين ولا تتركوه تائها بين السماء والارض ادعموه حتى يستطيع الوقوف على ارض ثاب,pos
,وه انا نازل الصبح ورايح الكليه اسوء مافي الامر دلوقتي سواق الميكروب,neg
,ريبمكتبالسيسي و يبقى السؤال المهم لماذا لا نرى تسريبات لمرسي المتخابر مع أمريكا وحماس وتركيا وق,neu
, أحبك زاى مايقول قلبى عشان انتى بدم,pos
,يته ف حب الناس الى كانو معايا فى وداخلين وهما معايا برد,pos
,لتك عن ماضيكي في أول الطريق قولتيلي ماضي عادي قولتيلي كان بر,neu
,ندك حق يا دكتور ومن بجاحتهم محدش اعتذر المفروض كل من ساهم في الكدب ده وعشم المرضي يتحاس,neg
,اح الخير اصبحنا واصبح الملك لله اللهم إهدينا وإجمعنا على كلمة حق فى هذا الصباح الفتاح ,neu
,رسين بينتقموا مننا فى امتحانات والتصح,neg
,خيرا حد رأيه زيى كنتى فين من ,pos
,شعلق فيها بضوافري لن اتركك ايتها المعشوق,pos
,ى مطلعتش دولة ده طلع مصنع الكرا,neg
,و مفيش حل وسط يا ميحطوش برفان خالص وبتبقي ريحتهم تقرف يا بيحطوا وبتبقي ريحتهم تقرف بردو حاجة توجع البطن ,neg
,ني اجي الكلية صدفة اكتشف ان عندي امتحا,neg
,باح الفل يا اجمل ق,pos
,عب مهبل بطب,neg
,لجهاد بالجوار عن ولاد دين الك,neg
,امريكا أس الفساد فى الأرض لا نن,neg
,كين الانقلاب فى مصر نجح فى وقف الجزيرة م م طلعت له الشرق ولو عطلها حتطلع له مكملين ولو عطلها حتطلع رابعة غ,neg
,فا رفض استئناف برشلونه وكدا يبقي برشلونه مش هتعرف تشتري اي لاعب ف,neu
,باح النو,pos
,لناساللىبتقولكلاموهمامشق,neg
,قة رائ,pos
,تراجع فى التعاملات الصباحية مع هبوط أسعار النفط إلى مستويات جديدة لقراءة التفاصي,neu
,امينا وكل ما ليا حياة قلبى ونور عينى فينك يامينو وحشتنا او,pos
,صوص قرار المحكمه على برشلونه النهارده للاسف فرانكو م,neg
, الايموشنز اللى هى بيعيط من الضحك والقلوب الخضرا والحمرا والحاجات دى بتنزل للبروزر انا عارف انه مش وقته بس قشطة يع,neu
,عب قرار فى المذاكره انك تفتح الكتاب بقالى يومين بحاول افتحه بس ف حاجه تحصل فى ال,neu
, خلا داره أكيد يقل مقدار,neu
,ل شيخ الإسلام ابن تيميةرحمه الله القلوب الصادقة والأدعية الصالحة هي العسكر الذي لا يغ,neu
,ت عايز اقوله سعادتك احنا من ساعة ما خطينا في أم الكلية واحنا عارفين كدة يعني ماضفتش جديد و انت متعرفش كل واحد بيعمل ايه عشان يوصل للمعلو,neu
,جيل محاكمة وأعوانه في أحداث لجلسة يناير لاستكمال المرافعة حد يراهن ان جلسة النطق بالحكم هايتقرر ليها معاد قر,neu
, كان الندم يفيد كنا عشنا عمرنا نندم علي ما اقترفناه من اخط,neg
,بغى زياده للمتا,neu
,يعزك يااسماعيل ربنا معاك ويوفق,pos
,يما مجروح يا هوى وفي بعدك بلوم الهو,neg
, اهل تويتر او معظمهم محتاجين لطبيب نفسي حالتهم صعبة فع,neg
, هذ يؤكد و الله اعلم ان الإخوان مهزومين و لن يكسبوا نهائي و انا مش إخ,neg
,,pos
,لإقتصاد التركي يتفوق على جميع اقتصادات الدول الأوروبية بنسبة نمو لعا,neu
,ذروا كسر القلوب فانها اذا انكسرت تجعل صاحبها يموت كل يوم موتا بطي,neg
,رحتك ماشى بس افتكر من ااحترام التوضيح وعدم السخريه انتا اكيد مشجع محترم فزم ترتقى شويه فى ال,neg
,لامي الجميل خيري رمضان نطلب من حضرتك استضافه الموهوب مينا عطا فهو موهبه تستحق الدعم ولك منا جزيل الشكر مقدم,pos
,لھم إجعلنآ ممن يقآل لھم ھذھ آلجنھ آلتي گنتم بھا ٺوعدۆ,neu
, الراحه النفسيه لاحد معي,pos
,قس الغد شتوى معتدل الحرارة شمالا والعظمى بالقاهرة للمزي,neu
, شي يعود كالسابق احفظ هذه العباره جيدا قبل ان تكسر شيئا جمي,neu
,ر باختصار جيش بيكلم قضا عشان يبرء داخلية قتلت روح بريئة وشعب ساكت على قذارة التل,neg
,ا بتطول معانا حلاوة الحلم ولا بتهاودنا قواعد ال,neu
,نا فى زمن العجائ,neu
,ه بقا مثقف خلاص وانتو اصلا عالم جه,neg
,رحه تاريخ والمستقبل مجهول اما اليوم فموجود ولهذا يسمى الحا,neu
,عض التجارب تصقلك تنحتك تحدد زواياك تجعلك ملائمآ للحياة التي يفترض بنا أن نع,neu
,م هو ذكري إستشهاد السيد الرئيس مهيب الركن البطل صدام ,neu
,ضوع سهل وبسيط كله بالحب ب,neu
, ايه الواحد مش متفائ,neg
,سلميلي يارب ناكلها واحنا عند شاهين ان شاء الل,pos
,بحث إتفاق توأمة بين ونظيرتها الصومالية للمزي,neu
,ر الامل خي,neu
,لأسوأ في كوارث الطا,neg
,ابلة خاصة مع طالبة ستار أكاديمي دعاء السبيعي يلا كله يشوف لقاء دعاء قالت كلام جم,pos
,اه حستني هي كمان ياريت حسينا من زمان في لحظه نسينا كل اللي كان ودق قل,neu
,ل سنه وانت طيب يا طيب بنحبك يا شاهين عقبال مليون سنه صحه وسعاده و,pos
,صلا انا ومينا ميشرفناش انكك تسمعي ,neg
,جمل الاوراق ورقه تكتب فيها لإغلى ال,pos
,جمل النظرات نظره من العين الى العي,pos
,متش من امبارح صبرني ,neg
,دك ح,pos
,ابي نيو يير بقى وسنه سعيده علينا جميعا ان شاء الل,pos
, فشلنا ادينا حاولنا دا هيدي الامل لغ,pos
,كن قلبي خوف و و,neg
,كرار الكلا,neg
,م تقبل منا جميعا وكل من قال آمين منشن لمن تحب وقل آمي,pos
,لة بؤس بسبب امتحا,neg
,تارت صحيفة كريستيانو كأفضل لاعب لعام التانى على التوالي أصوات أكثر من صحف,neu
,ل سنه وانت طيب يا طي,pos
,م متولي تحب تقول ايه في السنة الجديدة حسبي الله و نعم الوك,neg
,س متنكريش انه خ,neg
,اه والله بكره كده اووى بنات منفسنه اكرهينى بس متعمليش نفسك بتحبي,neg
,شاهير العالم يختارون المغرب للاحتفال برأس السن,neu
,,pos
, ينيلك ياناتش,neg
,سكر كاذبون قضاه فاسدون دوله الظلم ارح,neg
,اوي هيلعب ماتش بتروج,neu
,ابي يدعوني للنيك واللذ,neg
,ن اللي قال الدنيا ديه وصيه فيها عبيد منجيد وفيها السيد سوانا رب الناس سواس,neu
,م صل و سلم و بارك على سيدنا محمد وعلى اله و صحبه ابوظبي نهر النيل القاهر,neu
,من زكريا هنزعل عليه وال,neg
,اسف لم استطيع ان اجيب كل القذاره وده علي كورنيش المن,neg
,خبز الباي مثال لشبابنا للبدء باعمالهم وتحدي كل الصعوبات وامتلاك مشاريعهم وادارتها ب,pos
,تمالية النواتج ماتخلكش ترفض تجرب لان اكبد فيه نسبة نجاح حتي ولو صغير,pos
,يرشي قبل إنتقاله لميلان كان بيفضل انتر عشان مانشيني واول ما اجبروا علي ميلان عكس تصريحاته وبقت في صالح ميلان زمن الم,neg
,رسي بج,pos
,و ما المذاكر,neg
,برى ارض اللوا دا لو واحد تخين طلعه هيتحشر فوق عزيزى طالب هندسه كفايه نقل شيتات الله يرضى علي,neg
,ائرة انتخابية تتنافس على مقعدا في محافظ,neu
,لع من غيبوبه اخش ف غيبوبه بس كد,neg
,نا في الخيال ح,pos
,ابات شيرين يحيى نجمة ستارا,neu
,له زمان عاش من شاف,pos
,بحوا اصدقائنا بالصدفة وما اسوا الاصدقاء حينما يصبحوا غرب,neg
,,neg
,حد وصل لدرجه احباط بش,neg
,احنا كمان بنحب بيتى ونموت ,pos
,اش تنكشوا في ذكريات النكد و اضحكوا و استمتعوا بالحياة بقول ل نفسي برد,pos
,عنديش حاجا في قلبي لواحد يحري ورا بنات في سا,neg
,ا ده حتي يبقي الأصل ده هيفضل طول عمره يشكرها عشان هيا السبب في كل ,neg
,يناء يستقبل ألف طن قم,neu
, سارة فهمي الوس,neg
,ل كنت بقول دا رأي واحد او اتنين بس الموضوع زاد وكله بيهري ماتش ودي الاغبياء بقوا ياخدوه مقياس لمستوي الفرق الأغلبية بقت انجي اسماع,neg
,ي بنت ستين وس,neg
,من الشباك لارميلك حا,neu
,و انا ينفع انبسط يوم كامل طبعا لا ط,neg
, انا عايشه عش,pos
,له هري بليل هيبان كل حا,neu
,نفوجراف المعونات الأجنبية والخليجية لمصر في عا,neu
,نفوجراف الزيادة في أسعا,neu
,راهيم محلب رئيس مجلس الوزراء لخالد صلاح زيادة أسعار تذاكر مترو الأنفاق لن تكون زيادة مطلقة وإنه لابد من الحفاظ على هذا المرفق الحي,neu
,ني على نفسك بكثرة السجود تشعر بالتحدي بينك وبين نفسك ولنا أ,pos
,تر حاجة مخليانا مش مرتاحين في حياتنا اننا بنبين حاجة و جوانا حاجة تانيه خا,neg
,ا شاهين ,neu
,ل المصريين في ليبيا ماهوا الا تصفيه حساب وانتقام من مصر البلد الزي لم يقدر الارهاب بلعبس ب,neu
,حياتي وتقديري علي ,pos
,رع سيارة كهربائية عام عنوان التمي,neu
,لا بقي ولعووها يا فولور,pos
,تراف القياده بكل معانيه شاهد هذا الفيديو وسترا,neu
,ا ياعم دة يحطلى سم فى الاكل مش ناقصه هى والنب,neg
, يتبقى شيئا بع,neu
, وليه عيب يا ولي,neg
,كثر من مهاجر يعبرون الأسلاك الشائكة إلى جيب مليلية الإسب,neu
,ابگ هو الشيء الوحيد الذي لم أستطع تجآوزه حتى الآ,neu
,,pos
,نا مبسوطه في تط,pos
,ا النهارده أكلت كفته وشاورمه وبطاطس وفطير بالسدق وبيتزا وشربت بيبسي وسبريت و مرات نسكافيه وشوب عصير قصب وكان نفسي ف كريب بس محصلش نص,neu
,علش بقي مجتمع معا,neg
,س سع,pos
, بحب ال خالص مش عارفة ليه و بسبب كده ممكن فى يقتل,neg
,اع دى بيشتغل ازاى انا بش فاهم حا,neg
,ه لا مفيش داعي لاعتذارات ولا ندمات يا أفند,pos
,ما بلغت بك احزان وتعددت في قلبك الهموم تذكر فقط آن الحياه لحظه لا تقاس سعادتها إلا بذكر الله واقتراب من,neu
,لعفو ولا شكر ولا حاجة دي حاجة بسي,pos
,اني احبك عاد قلبي الي الركض في الغابات مغنيا ولاهثا كغزال صغير م,neu
,ه تلمح على واحد من بعيد وتشتم فيه ما تعملوا منشن وعرفه يمكن يغير من نفسو بدل ما تتريق عل,neg
,انتي طيبة دا في حاجات كتير اتحققت من الدعاء بحمد ربنا يالميس لتحقيق دعائي لمصر ولكل الا,pos
,لا لاعب لعب الماتشات ال اللاعبين كلهم تغيبوا فى بعض ال,neu
,ا نزلت اجيب قلم روترنج من منطقتنا لقيته ب جنيه لييه بصوت احمد شوب,neg
,يا جارحة و متعبة و ناس بتذاكر متعذ,neg
,ول الخليج بتتالق فى الكورة واحنا لسة مفيش جمهور احا ياب,neg
, تيديش حد اكبر من حجمه و ترجع تز,neu
,ة حلوه عليكم كل عام وانتم بالف خي,pos
,خلنيش في ام تفاصيل يا مد,neg
,عت الشتوي,neu
, نحبه ميحبنااش واللي يحبناا منحبو,neu
,اراة القادمة الليغا الاحد يناير فالنسيا ريال مدريد مساء بتوقيت مكة هلا مدري,neu
,را يا الله لانك تقبلني بكل سوئي وزلاتي و تقصيري لانك تعدرني و دائما تعطيني لانك ربي الرحمن الرحي,pos
,ل تيارات الاسلام السياسى لم تقاتل اى استعمار اوربى للعالم الاسلامى ولا حتى اسرائيل حاليا لم تقاتل الا بنى دينها وبنى عرو,neu
,بعا مهم يارب تكمل على خ,pos
,لمؤبد ل من كوادر الإخوان بتهمة حرق قسم القرين ,neu
,ا مش هاوي عذ,neu
,بعة اصفار في الساعة وبداية يوم جديد في حياة منتهي,neu
,مع دقات ساعة حائط منزلنا ببداية اخر يوم في السنة انا رسميا بقيت رشيد عديت سن الرشد اخير,neu
,اذا كنت راجل ما تزعل الا من را,neu
,لأسف أنا لا أملك نوعية الأصدقاء المهتمين بسماع مشاكل الغير فقط الجأ الي الله في كل صلاة و أكتفي بالدع,neu
, ي ,neg
,خ كسمين ام اسى ميلن فرقه خ,neg
,تنى حاجه تفرحن,neu
,يال متعرفش مصلحت,neg
,زير الشباب اقترح الاستعانة بالأولتراس لافتتا,neu
,هر مؤمن رابع بيشيش فى احدى كافيهات الم,neu
, الحسن قال سمعت أبا هريرة يقول قال رسول الله صلي الله عليه و سلم من قرأ يس في ليلة أصبح مغفورا ل,neu
,ريكا داخله مجلس الأمن عشان تعمل الفيت,neu
,لملافظ سعد يا منونة استهدي بالله يخربيت,neg
,ا تكون بتتكلم مع حد و يرود عليك متأخر اعرف ان فيه ناس تانية اهم م,neu
,نت خالي واختي هما صندوق اسرا,neu
, الله يحكم ما يريد المائ,neu
, تجوم تطمن على في ان شاء الل,neu
, قشع,neu
,س الفيلم بيتع,neu
,ا هنام بدري انهارده عشان موريش حاجة بكره و انام كتير بقى ما انا كده كده هس,neg
,يم كائنات نكدية بالفطرة وبيجيبوا الغم لن,neg
,لحمدلله على كل حال وربنا يصبرنى على اليومين الجايين دول دع,pos
,جى اركب عليكى من ورا و احطه جواكى يا شرمو,neg
, هومالك الضر والنفع وأنه المتصرف في خلقه بما يشاء لا معقب لحكمه ولا راد لقضائه سبحانه لا اله الا ه,neu
, رب اشفى كل مريض قولو ,neu
,ل عام وانتي الي الله اقر,pos
,ذي حقول نفط ليبيا تحت,neu
,د حالته صعبه الحقوه يخ,neg
,فال ليهم الحق ف رأيهم السياسي أصل لما طفل يبقى صاحبه معتقل او شهيد اكيد مش هيسك,neu
,ر ليآلى ديسمب,neu
,تصار الحياة بحديث قدس,neu
,ر للبروجرس إلي وصلتله بالنسبة للوقت إلي قعدته نقدر نستنتج بسهولة إني ممكن حتى لو طبقت مالحقش أخ,neu
,عر بأسي لتواجد خارج بلادي هذه المدة ظروف السفر حالت بيني وبينكم كم اشتاق لكم وكم اشتاق لكل,neu
,سنا طلب من وزيرالشباب تنفيذ دخلة الاولتراس فى احتفالات افتتاح القناة لاعجابة بها دماغ برضةيحتويهم ويحول سلبياتهم لايجاب,pos
,لت ,neu
,عالى اقعدى على زوبرى كله ف طيزك يا منيو,neg
,انت طيب سامي وبالخير عل,pos
,م خسر الإنتر امام باريس و فاز ال الكبير علي الصغير بي ,neu
,جة حلوة لما تلاقي حد عارف أنت بتحب أيه و مبتحبش أ,pos
, يمسي خاطرك بالسعاده يامسعد قلبي بحلو السواليف يامن على قلبي خذيت السياده الحظ جابك بالمحبه على الك,pos
,ييب على كل عربي انو اسرائيل قبلنا مش عالفلسطينية بس يا فه,neg
,ل عام وانت بالف خير ينعاد عليك و ع فلسطين وع كل البلدان بالخير والمحبة والسلا,pos
,س دا ميمنعش إنى بعشق ال فى اسكندر,pos
, اغرب مقتطفات انى محستش بالسقعة ابدا ومش تقلت فى الهدوم نهائى ولا جالى بر,neu
,ش عندك امتحان بكرة اقفلي و ذكري ي,neu
,اد اللي بندرسها في الكلية تنفع شتيمة يعني أقول لواحد بس يلا يا بتاع البرولوج بس يلا يا بتاع البراليل سيستم والذكاء الإصطناعي والخرة ,neg
,رب تتحقق أماني كل الامه العربية والإسلامي,pos
,ى سبيل الصياعة انا نزلت اقعد مع اصحابى فى روحت البيت ف,neu
,ا شارب انهاردة ليتر ميرندا تفااح طبعا غير الاكل اللى واكله فانا بقيت عامل زى البلونة كده بظ,neu
,ن نفسي تبقي بداية حلوة بس ايه ب,neg
,تغفر الله و اتوب إل,neu
,ل حاجه احطها فى بوقي فى السنه الجديده اكتر حاجتين بحبهم سجاير و جبن,neu
,بنا يصلحلك امورك ويبعد عنك الشر يا عم انت يا عم ,pos
,ل سنه و انتى طيو,pos
,بنا ميرحمنيش من صحابى و اه,pos
,ل تغريده في عا,neu
,ديو يخليك تبتسم فعلا والل,pos
,بيب,pos
, شوف دموعى الى انت السبب فيها دلوق,neg
,ل سنة و انتى طيبة يا اي,pos
,شان هيك قررت فرجيك اني بحبك أحلى من الحك,pos
,ش هتعرف تتعامل مع الوسخ غير لما تبقي اوسخ ف التعامل من,neg
,س مجرد مفتكرها بكون سعي,pos
,نا عندي دلائل أخي لا أتكلم من الفر,neu
,ت اقول ان ما عندي شي يذكر ف سنة لكنها عرفتني و جمعتني بناس اسأل الله ان يجمعني بهم العمر كل,pos
,ف تحتفلون بأعياد النصاري و أمتكم مهتوك عرضها في كل مكا,neg
,اب يا دنيا خراب يا دماغ,neg
,ل عام وانت ومن تحبين والمصريين والناس كلهاا بالف خيرسنه سعيده للجم,pos
,د عمره ما كان سفر لمكان بعيد و القرب عمره ما كان فى ناس موجودة جمب,neu
,م أرزقني نعمه يعجز عنها شك,pos
,ك الله اس,pos
, عامل الناس على لون اوجنس اوعرق بدلت حسناته بسيئات وذهبت اعماله لغير ال,neu
,هلا بك محمد باشا الجلاء منور يا الغا,pos
, زمن بالقصص المنسية او بالاحلام الوردي,neu
,لصور كلها لجمهور شريهان ومش من حق اى حد يتكلم عن الحقوق لان شريهان هى اللى عملتها مش ,neu
,عبان عبدالرحيم لو المصري طلبني هتطوع ومحبش حد يزعل بلد,neu
,كس لادارة الفنادق عموم التوريدات تطلب انسات علاقات عامة للعمل بالغردقة وشرم الشيخ مرتبا,neu
,باحك ود وصف,pos
,ا ساعات مش بكتب اسمى اصلا ولا اى اسم علشان اى حد ي,neu
,ربنا كده كتي,neg
,قعاتي لهذا العام أمنياتي ستكون أكثر احتراف,pos
,شهد ان لااله الا ال,neu
,ل سنه وأنتم بخير وسعاده ,pos
,ية طب فين هي ابكي يا قلبي علي الحنية هي الدنيا جرا فيها ايه حتي الناس صبحت مش ,neu
,م اعنى على ذكرك وشكرك وحسن عباد,neu
, الناس الأعرفهم بفكر فيهم بل,neu
,تت بمحراب عينيكى ابت,neu
, سنه وانتوا طيبين وان شاء الله تكون س,pos
,ا مكانى مش فى م,neu
, حياتي هي حياتي ولا قلبي اصبح ق,neu
,لهم صل وسلم علۓ سيدنآ محم,neu
,هذا يكف,pos
,مين يارب تكون دعوه مستجابه مع بداية عام جد,pos
, الله الخالق البارئ المصور له الأسماء الحسنى يسبح له ما في السماوات والأرض وهو العزيز الحكيم الحش,neu
,ن يحرث مابع,neu
,حلام تحطمت وقلوب انجرحت وانكسرت وخيبات أمل وآمال وجرح ادمى ولم يش,neu
,سه فاضلى جزء فى الحث و بعدين هدخل على الكلاسيكية عشان بناخد حصة شرح و حصة مسائ,neu
,اح الفلصباح الابتسامهاجعلها سنة بتضحك يا كري,pos
,دعولي بالشفاء جزاكم الله خ,pos
,ابى بيرث دااى سنة سعيدة ,pos
,ن شاء الله النصر من عند الله والظلم مهما طاال لابد من حلول العدل وأنتصار العدل والحق في النهاية هي دي قاعده المس,pos
, سلام علي الدنيا وحلوتها في عين العش,pos
, يعجبك يعجبنا ياافن,pos
,ه روو,pos
,نيب من يتبع ركاب المقفين حتى ولو ادفع ثمنها حياتي من صد عني ماسألته على وين ابقى عزيز وعز نفسي غناتي راقت ,neu
,اارب أنصر كل مظل,pos
,ه تسكتى زمناتكلمى ليه تدفعى وحدك التمناتكل,neu
,,pos
,حاب مين بس هه مينا عطا ده رائع بس خفة دم سراج تعمل شغل جا,pos
,رجع تانى وأقولك الله يخلي,pos
, جآء و كل الشكر و تقدير لرجال كهربآء وحق ربي انكم رجاله و بارك الله فيكم و اجركم حاصل ان شاءلله شك,pos
, القعدة مع الصحاب بالد,pos
,نا يكون فى عون الناس بتاعت ر,neu
, يحبك لا يؤذيك لا يهملك ولا يجرحك ب فعل أو كل,neu
,ني تهدي للبر أشد للغريق تشد,neu
,ن الله غفورا رح,neu
,ه ك,pos
,ه ناس مجرد ما بنشوف الفرح فى عيونهم بننسى الدنيا وما ,pos
,اف من مسلسل ريا وسكينة ده مر,neg
,مقراطية هي حكم اللي يغلب من ولاد الك,neg
,و شافوا الهلع والرعب ف العيون وع الوجوه والجري والصرخات رجاله وشباب وستات في قلب مصر الجديدة ليلتها كانوا طالبوا باعدام المج,neg
,غم انفجار قنبلة سكان الهرم يحتفلون ف,neu
, سرراج بجد فصلنى ضحك يخربيت,pos
,م في هذه الليلة المباركه يسر لنا أمورنا واحفظ بلادنا واجعل من عبادك الصالحين الشا,pos
,صعب احساس في ال,neg
,وساخ والله انا كنت ج,neg
,نشكر ربنا على الحاجات الصغيرة الي بعتهالنا في وقته,pos
, كمياا اتلمى بقا,neg
,بى الله ونعم الوكيل فى البلد الوسخة دى وفى اللى ماسكينها وعمرها ما هتنضف ابدا اطهر ما فيكى بيم,neg
,شارك في مبادرة ارسم مستقبل,pos
,ة مبلشة ثقيلة البدوي أشرفي,neg
,ون تحكي ما لا يق,neu
, انت الحلم اللى نفسي يكمل و يبقى حقيق,pos
,م شكرا روح لامك سنه كانت مفكرا نفسه,neg
,لبت لونها حلو او,pos
,ين بتفوت وانا واقف مكا,neg
,ا تطفئ النار بالن,neu
,ف من الترند اننا نعرف الناس اللي متعرفش مينا هو مين وننشر حساباتو يلا نعمل كدة مش نعمل تويت كلام بس بليز مينا ع,neu
,لا الأمل في الغد لما عاش المظلوم حتى الي,pos
,امل من سيادتكم رعايه المتسابق هيثم العبدالله مبدع وحافظ لكتاب الله جزيتم خير,neu
, اللبيب من الإشارة يفه,neu
, أين لك كل هذا البر,neg
,ة بالله أزكى أمل والتوكل عليه أوفى ع,pos
,ني ستظل أنت عشقي الأول اللهم اجعل اجازتي سالمة في م,pos
,ت السما فوقك تخيل مداها بنجومها بأجرامها باللي فيها واللي خلقها من عدم واحتواها اني احبك حب غطى ع,pos
,لديانة الطاهرة النقية عند الله الآب هي هذه افتقاد اليتامى والارامل في ضيقتهم وحفظ الانسان نفسه بلا دنس من العا,neu
,م ابطل اثرعين حاسدة اصابت قلبافاحزنته واصابت زوجين ففرقتهماواصابت ولدا فافسدته واصابت جسدا امرضته واصابت جمالا فشوهته انك علي كل شئ قد,pos
,دو لن أدرب الزمالك هذا الموسم تحت أي ظر,neu
,لعونها سذا,neg
,لف مبرووك لجمهورالعررين وفريق دعم العرين باقي لنا جلمود صخر والدعم باذن الله نجيبه,pos
,دش حاسس بحد كله بيقول يلا نف,neg
,فيش ارجل منك يا اخويا ربنا يخلينا لبعض و يخلينا دايما مع بعض على المره قبل الحل,pos
,فت اللي فيها عنيه بآن عاليها إنو يا قلبي ما حبنيش حجات عشنا فيها وعشمنا بيها وأخرتها ايه طلعت مفي,neg
,هو يبحث عن الحب بالفطرة ما الامتنان لسه بقول ليك الامتنان هو الوعي المرتبط بالمادة والقواعد علی حد قو,neu
,رقون رغيفك ثم يعطوك منه كسرة يا لوقاحتهم ويا لهطل أم,neg
,ة فيديو ياسمين كانت بتعملو لمعايدتكو اسمعوة يل,pos
,ا ديني دي كانت ايام سوود,neg
,حمه الله عليهم ويدخلهم فسيح جناته يا ارحم الر,pos
,دة ما بتنفهم ولا بندرس لليش هي,neg
,ااو تحفة فيديو فانزك بيعيدك يا دعا,pos
,ل سنة و انت سالم ظوظو بيك و ينعاد عليك بص,pos
,دلله انا بطلت اسب ا,pos
,ستنين نسمع رنا ومبسوطين انها بتشتغل مع منتج محترم زى حضرتك وان شاء الله السونج والكليب يكسر ال,pos
,كن الآن في المسيح يسوع انتم الذين كنتم قبلا بعيدين صرتم قريبين بدم المسي,neu
,ي فترة كبيرة مش بتويت والله يا جدعان استحملوني شو,neu
,حضرتك طيب وبألف خير استاذ خيرى امتعتنا بحلقة اسعاد يونس كانت اكثر من رائ,pos
,ره فريد الأطرش لإن الحياة حلوة بس نف,neg
,نا خدت بالي بس هي حلوة فعلا بس انا مش ميال ليها انا اصلا بحب المانفسيتو اوي و اقوي من ويسترن يونيون بس انا بحب ويسترن اك,pos
,ارب ارحمني واغفرلي كثرة ذنو,pos
,لي بحكيلي الحياة حلوة سأقتله لأريه ان الموت اح,neg
,ل أبو الحسن المزين الذنب بعد الذنب عقوبة الذنب والحسنة بعد الحسنة ثواب الحسن,neu
, فيلم المغسلة اشهر فيلم في مصر احا,neg
,خبار الناس عسا اموركم تمام ما اقصد اكلمك حشا بس كل ما في الامر حبيت اتطمن عليك في امان ال,pos
,نا جيل المبضونين يا جماعه وال,neg
,فلة افتتاح الفلم القرمى ما حد راح خا,neu
,مل ما فينا ان محمد نبينا ,pos
,ليش نسأل فيكن معناها ي بص,neg
,عم الفائدة للناس وللاطلاع على انواع السحروعلاماتها وكيفية علاجهاوكيفية التحصين من الاصابات بالحسد والسحر وكافة انواع التسل,neu
,ايفها نفسها فين بعد سنه و بالنسبه للنجوم مصر غناء وتمثيل تحب تتعامل مع مين هل ممكن تغنى لمصر فبد,neu
,اريت كلنا نهتم نرتوت للمنتج ميدو عن أى تويت تخص رنا بلي,neu
, واحد ايمان واحد معمودية واحد,neu
,كندرية و البحر و الدفي و كف,pos
,غول بك سيصنع وقتا من أجلك والمشغول عنك سيستغل أي حدث لينصرف عن,neu
,ثت الله عنك كثير,pos
,يله شتاء بجانبك هذا ما أحلم بيه الا,pos
,تبار طبي لعبد الفضيل غدا لتحديد موقفه من المشاركة امام الجونة السبت المقب,neu
,ا لو مكان الدنيا أتقرف فشخ أحط على أحمد شي,neg
,لقرأنيه واضحه وخاصه في قوله وهو على جمعهم اذا شاء قدير اي وجود حياه اخ,neu
,عايش بوجهين ديرله بلوك ,neg
,تمام حلو والله حتى لو بسيط أو,pos
,وف بقا وانتى حلوة ف,pos
,م حاجة تكون الانسان اللى بتحبه محافظ عل,pos
,فيديو يهين تسلم الأيادي في رأس السنة شاهد الفيديو عبر الراب,neu
,ا حبيبتى يا توتا طيب عاوزه حاجه بقى انا عندى مشوار هه شيرين يحي,neu
,ذا المشهد بسم الله الرحمن الرحيم وأشرقت الأرض بنور ربها ووضع الكتاب وجيء بالنبيين والشهداء وقضي بينهم بالحق وهم لا يظلمون الز,neu
,صور اللبنانية تظهر بفستان غريب في حفل شاهد الصور عبر الراب,neu
,م اني بحاجة لحياه تخلو من غضبك مليئه برضاك ورحمتك ربي إن كان هناك ذنب يحول بيني وبين رضاك فاغفره لي يا ارحم الرا,pos
,ن نفسي اول حاجه اشوفها في هي ,pos
,تبقي بنت كل,neg
,الا مين قالك كده دا احلى صبا,pos
,وزين نعيش فى أمان جمله قالها جبان و أستخدمها ألجب,neg
, بررد يا جماعة مين سقعا,neu
,ية و بصتوا ليها تكف,pos
,ى اخر الزمن مراقب عرص بيقولى مجبتش معاك مسطرة ليه انا بطلت اشيل شنط من اعداد,neg
,ج ل,neu
,قلت أنا عاشق ساقوني كتير ال,neg
,د مهم فى حياتك مش عارفه احنا اصحاب ولا حبايب ولا بنلعب باليه مائي بس هو حد مه,pos
,نسون صلاة الفجر تصبحون على خير جمعة مبارك,pos
,يتاج وحشتنى يا قمر انا زنيب يلدريم علشان عيونك حلوة حياتى ذاد حلاوة ,pos
,حك الدنيا ف,pos
,اض لايعني الجمال و السواد لا يعني القباحة فالكفن أبيض ومخيف والكعبة سوداء وجميلة والإنسان بأخلاقه ليس بمظهر,neu
, اغفر لي خطيئتي يوم الدين رواه مس,pos
,قذت هرة عائلة في النمسا احترق منزلها فجرا اذ ايقظتهم من النوم ما اتاح لهم الفرار من ألسنة النيران بحسب ما اعلنت الشرطة الاربع,neu
,ما و الباقي في الزبا,neg
,قر أسلوب هو تلقيح الكلام ده وبيثبت إن صاحبه شخصية ضعيفة وجبانة ميقدرش يقول اللي جواه لازم يحور ويلق,neg
,ورايد الموارد البشريه لدولة الخليج من الجسنين ذو تعليم عالى شركة الزاويدى لس,neu
,كل خير اتمناه لكم مع أحلى صباح الور,pos
,اح الورد الجور,pos
,اخذ ٱلجميع نصيبه م هذه الدنيا سعآدة أو حزن لن يفوتك شيء كتبه الله لك أو عليك فارضى بآلقدر وقل الحمد ل,neu
,ح يا شيخ ربنا يخرب بيت امك هوه الاخوان على دين جديد غير الاسلام ملعون ابوه,neg
,د لله الذي احيانا بعدما اماتنا و اليه النشور اصبحنا و اصبح الملك ل,pos
,ل سنة وانت طيب يا ح,pos
,اد الله من امثا,pos
,رة مع السلامة من ألبوم من خلال عل,neu
,قولة خلاص عشنلنا يومين و السلا,neg
,م اجعلنا نتقبل الخوازيق من اعدائنا و انصرنا على ب,neg
,يب أدب الكلام فارس القبي إيقا,neu
,ت دى و أمثالها لازم يغنوا و يملوا الكون بغناهم نغسي نعلى بقى و مصر ترجع زى زمان كلها فن و ر,pos
,فسى يبطلوا بقى انا تعبت من الن,neg
, يا صواب,neg
,م صل على سيدنا محمد نبي الهدى والرحمة لا يقطع من وصله ولا يرد أحدا سأله والرحمة تسكن قلبه اللهم إرزقنا شفاعتة يا ,pos
,فضل مشاكلي بيني و بين نفسي لحد ما اموت و هيفضل زعلي ليه لوحدي بردوا عشان محدش ناقص بس الواحد خايف قوة احتماله تخ,neg
,فضل شاعر ايمن بهجت قمر افضل فنان رنا سماحة افضل عمل غنائى غلطت من الأول نجم تفاصيل رنا سماح,neu
,ن آمنوا وتطمئن قلوبهم بذكر الله الا بذكر الله تطمئن القلو,neu
,م الله الذى لا يضر مع اسمه شئ في الارض ولا في السماء وهو السميع العل,neu
,انسي عجرم معظم بطاقات حفلها الكبير بمهرجان دبي للتسوق نفذت وعشاقها بإنتظارها على ,neu
, لما يتحاول لحب فطره زى متكون بتحب اهلك و مهما عملوا بتسامح عشان الناس دى من لحمك و دمك مفيش بعده حب يقارن او يتزايد علي,neu
,ه يسعد ك تعالي خ,pos
,بنا يقدرني ع رسم الفرحه ف وشوش ال,pos
, حلو صبح نهارنا ,pos
,,pos
,ور لليث لما كان في مصر ليث أبو جود,neu
,ل التحيه والتقدير لمن يصنعون الحي,pos
,وين اكتر حاجه الاطفال بيحبوه,pos
,يلانو وليس ميلا,neu
,ا عايز احكى قصة بس محتاج حد يكتبها معايا حد راش,neu
,و كنت فظا غليظ القلب لانفضوا من حو,neu
,حد بقي مبضون من الناس اللي حوله من كل حا,neg
,ارده ذكرى سقوط الاندلس ماتت قلوب الناس ماتت فينا النخوه بلاش ننسى فى يوم ان العرب ولاد وسخ,neg
,,neu
,قات بيعدي في يومك لحظات تبه نفسك تعملها وتعدها كل شو,neu
,ما تباعدنا ترى الود موجود ماينزعه من خافقي اي طاري في عيني اليمنى لك الشوق ممدود وفي عيني اليسرى وجود اجتبا,pos
,ن النادي خبرة شخصية محبوب قادر علي التعامل مع النجوم قادر علي صنع الاستقرار مع اسماعيل يوسف لية ميجيش حسن شح,pos
,هم إنا نسألك موجبات رحمتك وعزائم مغفرتك والسلامة من كل إثم والغنيمة من كل بر والفوز بالجنة والنجاة من الن,neu
,رتضى منصور انسان غير مسئول بالمره مش هتلاقى نادى فى العالم رئيسه يطلع يتكلم كل شوية عن الفرقع بتاعته مهما ح,neg
,ابا بلغيه سلامي وتحياتي دي صوره تمكين للشباب ودلعهم اخر حاجه ربنا يخليكم للبعض سم,pos
,ميين يا رب وعليك كمان وتتوفق دايما متشكرة قو,pos
,ول ما الايام تغدر بيك كل الناس تسي,neg
,ا باقيت الشخص اللي من سنة كنت بخاف اتعامل مع,neg
,سطين ادينالهم مساعدات ضربونا المغرب اهانهم و اعتذرنا المغرب اهانتنا ومحدش سامعانها السياسه الجديده خليك كبير و سامح الصغيرغل,neg
,امة الليدرز واا,pos
,يدك ملهمي وملتهمي رجلا حيناوحينا قلم,neu
, تعلم ان كلمة نفسي اشوفك لها تأثير سحري لا يقاو,pos
,لتيني اقول خلاص مفيش ا,neg
,م آمين وأسعد الله مسائكم بكل خي,pos
,تياق صهيل أحصنة برية لا يفرق بين القاتل و القتيل وداد نبي ظهيرة حب ظهيرة ح,neu
,ملت كده من أسبوعين والإعلانات رجعت تاني واضح إنكم بتتعاملوا معانا كإن مفيش غيركم مع إن خدماتكم بقت ردي,neg
,ات كائنات خطيرة فشخ يا جماعة ممكن تحطك في خانة الفريندزون وخانة البرازر زون وخانة الكوبري زون عشان توصل لحاجة تانية ودي خانة وسخة ف,neg
,معة مباركة على جميع يا ر,pos
,ن لملوم وبقي معفن جالنا نضف ومثل منتخب بلده بس اتاريه بيحب الوساخ,neg
,حشتيناا يا شيروو وما شاء الله كنتي منورة امبارح سلطا,pos
,رب متحوجنيش لحد غير,pos
,فتي الاحتفال بالمولد النبوي بدعة و و فرق ضال,neu
,ساء الفل يا توتا وانتي طيبة حبيبتي شيرين يح,pos
,ة بقت مايعة و البنات بقت مسترج,neg
,نا مش بكرههم كراهية بمعني الكره لانه ما في بينا شي شخصي بس بكره كل وحدة بتعتمد على جسمها وبتقول انا مغنية وفهمك كفا,neg
,ا كل غايب عن عنيا هقول بعيدوفي ناس ناسيهم قلبي وهما قصادعنيا وناس مجرد ما أفتكرها بكون سع,neu
,مين يارب انا وانتى ياقلبى ويارب يسعدك انتى وكل لى بتحبيهم وكل سنة وانتى طيبة بكره مولد الرس,pos
,بيبتى تسلمى امين ,pos
,خ اشي برفع الضغط قال انا قضيت ع ابوي ب السي دي اغاني وطن,neg
,فيديو نوال الزغبي أطلقت كليب أغنيتها الهيت ولا بحب,neu
,ى على تيليفونها مردش عليها كانت دموعه منعاه عشان اتأكد انهم بيخسروا بعض بس مفيش حاجة فى ايده يع,neg
,ي نفرح سو,pos
,ك لن تبلغ من الدين شيئا حتى توقر جميع الخلائق ولا تحتقر احدا فإن الله حين خلقه لم يحتقره محى الدين بن عر,neu
,رسىايهه بالضبط اللى لسه بتتكلم عنههى من امتى كانت مصرعزبة ابوكموأعتذر للخروج عن شعور,neg
,اة تكون جميلة عندما تكون هناك قلوب تخاف على غيرها كما تخاف على نفسه,pos
, لع,neu
,له كلهم وجوه لعمله واحده هو الفساد الدين والسياس,neg
,س بقت غريبة أكتر من ما كان وائل جسار متخي,neu
,يش أحلى من الشخص اللي بيحس بزعلك حتى وانت بتضح,pos
,سا الفل و الياسمين حبي,pos
,بال,neg
,رلين مونرو حلوة فشخ ليه كد,pos
,ستغفر الله الذي لا إله إلا هو الحي القيوم وأتوب إل,pos
,ام سقوط الخلافة الإسلامية فى ايبيريا بسقوط غرناطة واستسلام ملكها أبو عبد الله محمد الثاني ع,neg
,ه الجو د,pos
, متعرفش ان انا ال بتربي ولا ايه يعني هما يزعلوكو ويضايقوكوا وكلو يطلع على دماغى,neg
, تكن السبب لوجع قلب ا,neu
, الكاميرا لجديدة عشان اصورلكم التلج,pos
,ب انا بتكلم عن المغرب يرد عليا خرفان و نعاج لييهه,neg
,لمتصلة بأسلوب و ,neu
,نا لله وانا اليه را,neg
,صور حضور كبير لعشاق ماجد المهندس في حفل ليلة رأس السنة في دب,neu
,بنا لك الشكر على ما أنعمت به علينا وأوليت نستغفرك يا ربنا من جميع الذنوب والخطايا ونتوب ال,pos
,رول سماحة ترقص بين الجمهور حفلة راس السنة شغلة مميز,neu
,رب السعودية يتحدى نفسه قبل المنافسين في النهائيات الآسيوي,neu
,رارد يرحل عن ليفربول في نهاية الموس,neu
,بعوا محبوب العرب على حساباته التالي,neu
,امت علي سرير متهالك كأركان قلبها المتهالك و اخذت تذكر ابتسامة ثغره ففست سحابات الشوق و الألم وتردد هامسه کم اشتقتک أیها البعی,neg
,لما كان تحقيق ذلك عسيرا بالطرق الأخلاقيةذلك أن تطهير أسبانيامن الكفر طريقته الأخلاقيةهي القضاءعلى الإسلام برد المسلمين عن د,neg
, لحظة و كل عام و أنتم بخير ونعمة من الله دأحمدأبوالنو,pos
, كل واحد جمب مني عزيز عليا ولا كل غايب عن عنايا هقول بعيد في ناس ناسيهم قلبي وهما قصاد عنيا وناس مجرد افتكرها بكون سعي,neu
,ا الجو حلو النهارده وخاصه ع السطوح فى شمس حلوه ب,pos
,ي اشرحلي صدري ويسرلي امري واحلو العقده من لساني يفقهو قول,pos
,كن اتغير علي انسان بنسبة لمجرد انه ابن وسخة بينسي الجميل والجدعنة اللي كانت بتتعمل معا,neg
,ونهم كبطون البغا,neg
,لم كله بيلعب كوره و انجلترا فيها كوره تا,pos
,صور والفيديو سابين جمال أكثر من رائع وصوت أبهر الحضور ليلة رأس السنة في أبوظب,neu
,وم ما تحميها من الناس هتبقي انت كل حياته,pos
,ين بتنسي اللي ميتنس,neu
,اء النصر لكل الفلسطينين مساء الهزيمة لكل الاسرائ,pos
, في اجماع رهيب علي ان نظارتي حلو,pos
, يقول لبيصى يحط لسانه جوه بقه ويقعد ف البلد م يسافرش مش كفايه خاربها جوه هيخربها بره كمان سيبوا الجزاير ف ح,neg
,ساء الورد يا جميل من السودان سل,pos
,ل شئ بمراد ال,neu
,خل محل عادي بجيب طلبات فجأه صاحب المحل بيقلب في موبايله وبيقول باتشيكو هرب مرتين ويلعن ما امك يا مرتضي انا امنت بالله خلاص الناس كف,neg
, عم نشوف الضو بهالعط,neg
,ط كدا طول م هى فرحانه أنا ف,pos
,لا انت تقبل علي نفسك انك تمشي جنب واحدة كل من هب ودب بيبص عليها و يشتم في,neg
,عم محمد أحمد قفل اللى كان فى محطة الرمل لا,neg
,ا حاسس كدة إن المنطقة العربية هتحصل فيها حرب ف بتخلفهم وبعدهم عن الوحدة العربية وإننا نبقى إيد واحدة زي مكنا زمان ربنا يس,neg
,كرا صد,pos
,له معانا علي الهشتاج ده ياج,neu
,ل علماء فلك إن عام سيشهد ظاهرة نادرة تحدث مرة كل عاما وهي حدوث ذكرى المولد النبوي الشريف مرتين خلال نفس الع,neu
,صصها تقتله بالراا,neg
,لنمر المصري محمد ش,neu
, بيحبك مش هيحب حياته من غيرك واضح,pos
,لفنان مينا عطا شاب موهوب و لة شعبية كبيرة جدا و نحن نتمني منكم استضافتة في برامجكم الفنية الناجحة دأم,pos
,ساس انك مش عارف تبعد ومش عارف تقرب دا احساس غ,neg
,لحب والهدوء والبساطه والسعادة والرضا والقناعه امنياتنا في العام الجديد لك وللجم,pos
, عام والامه الاسلاميه بخي,pos
, خل,neu
,م اشفه من كل سوء وكر,pos
, الأوقات العصيبة أحسن الظن بالله وفي اللحظات الهادئة اذكر الله وفي الأوقات الأليمة ثق برحمة الله وفي جميع الأوقات استغفر الل,pos
,رح لما حد بحبه يفرح أكتر من فرحته هو ش,pos
,لصراحه انا مش عارفه اتعاطف معاها هى دلعها و انانيتها اللى وصلوها لكده حتى شغله لازم يستنى عشان خا,neg
,مك كانت بايتة عندنا يا م,neg
,ه يسامحك انا ما غلطت ف اي حريم انا فقط اقوم بالرد علي قواد كويتي يا افن,neg
,ضل الرجال اذا حاورته وجدته عليما واذا خبرته وجدته حكيما واذا غضب كان حليما واذا ظفر كان كريما واذا وعد وفى وإذا شكي اليه وجد ر,neu
,نك لله ياكحيلان أجل مانلومهم يلغون النص,neg
, حبك كل يوم فى جديد ولو توحشنى وآنت بعيد بالأحسااس بنتلاقى مفيش حاجة أسمها مواع,pos
,صحش يطلع بيان يقول تم ضبط مصنع متفجراتوتم ضبط المتهمين يجهزون العبوات داخلهالمفروض يكون تم تفجير المصنع بمن فيه لا ضبطهمكأنه مصنع جب,neg
,ء المميز في خالد بن سعد انه مايهايط انسان متواضع وواضح مع جماهير ناديه سياسته واقعية اعطوه الثقة وادعموه ولن ,pos
,بنا معاك ياسطي عايزك تدعي,pos
,نطق غريب جدا بصراحة ومش فاهمة لية مصرة في كلامك تقولي الإعلام المصري حولتوا موقف فردي غير مقصود لحالة عا,neg
,ل سنه وحضرتك بصحه وستر وخير وسعاده اختي نينا اخت الكل حبيبه الكل نينا زو,pos
,زم نقلع عشان مصر مقولات مأثورة للسيس,neg
,لشان مش هنشترك ف تحالف وعندنا ارهاب من فلسطين وتركيا وقطر ,neg
,سال الله السلامه وان يفرج هذا الك,pos
,مل التهانى بمناسبة المولد النبوى الشري,pos
,ناير النك,neg
,ساكم طيب المقام و نور الظلام كل عام و انتم بخير بمولد سيد الأن,pos
,صه حزينه علي السر,neg
,لى ذاكر غصب عنه راضى ذل المشا,neg
,ار المصدق ان السيسي انقذ البلد هو نفس الحمار الفاكر ان الازمة الفلسطينية هتتحل لمة الامم المتحدة تتعترف بفلسطين دو,neg
,رب إني متوكلة عليك واثقة بوعدك راضية بصنعك محسنة الظن بك ومنتظرة فرجك فأنت حسبي ونعم الوكي,pos
,تمع إلى سامي يوسف معلم من خلال على صل الله عليه وس,neu
,يتنا ان شاء الله مش هنغيره شيرين يح,neu
,هور عطاء المسابقه تبدأ الساعه اتصلو من الساعه قبل الضغط هاذي ارقام الاتصا,neu
,طمية نسبة الى فاطمة الزهراء كما يدعون ولكن ذهب كثير من المؤرخين انهم لا يمتوا لال البيت بصلة بل هم ابناء ميمون القد,neu
, تفسير هالحلم مبارح حلمت إني ماشي بشوارع الكندية وبجانبي تلك الفتاة الروسية حيث اشترينا القهوة بن العميد من أحد الاكشاك ,neu
,بنا معاكم يا حبيبت,pos
, ننس,neu
,ية لزملائنا في التدريب الفني يحاولون جاهدين كفريق مميز و إعطاء أفضل روية للخدمات الطبية يوم الأحد أمتحا,pos
,م عرفت انو فلسطين كانت تمتد من الجنوب لحد السعديات ع طريق بير,neu
,ر أكتر أكلة مفضلة عن,neg
, عم اتكلم دوغ,neg
,بق كلامه إنشر رسالته وسلا,pos
,د لل,pos
, ناس محتاجه تتعلم إمتي تسكت زي م إتعلموا يتك,neg
,ن أحقر من سرق الأرزاق ليشتري بها الأخلاق بقناع قول قل,neg
,نا ادنا العقل عشان نفكربي عشان كده قبل ماناخد اي قرار في حياتنا لازم نفكر كويس في منتسرعش حتي لو احنا شخصيات متسرعه يوم ماناخد القرار نف,neu
,ا حج رسول الله صلي الله عليه وسلم حجة الودع اسند ظهره الي جدر الكعبة وق,neu
,لك مليار هيقتلوا مليار عشان يعيشوا ده علي اساسا المليار مسالمين ومقتلوش المسلمين وقتلوا بعضهم في ابشع مجاز,neg
,ر في ذكرى المولد للتمسك بنهج الرسو,pos
,لود سعيد عليكم و على جميع المسلمين ان شاء ال,pos
,عوة حلوة لأخوك قبل ما يسافر يا شيخ دكتو,pos
, اتسج,neg
,ما عملت الكود اكتشفت ان الرصيد طار يع,neg
,ول المثل إذا اتحد أفراد القطيع نام الأسد جائع,neu
,رجية طلبت تأمين الحماية لبعثات في البرازيل وتشيل,neu
,ا عمري ما عديت بضغط نفسي و عصبي و جسدي زي اليومين اللي فاتوا دول قبل كدة و ياريته بفاي,neg
,م س,pos
,ع اني كان نفسي تبقي مدير فني بس فعلا انته بتحب النادي وبتخاف عليه وبتدعمه من اي مكان وانا عارف انك بتعد نفسك اكتر واحسن من الا,pos
,اوز اروح عبد الحميد بدوي جنب كنتاكي وماكدونال,neu
,ا بيقول انه من الاوقاف وبصراحه القناه دى اقذر من الجزيره ومنتهى السفاله انا عن نفسى اتعصبت ودمى اتح,neg
, انت بالف خير يا محت,pos
,ينا معاها شيرين يح,neu
,يد ان نعرف او يقولو لنا كم هي موازنة مجلس النواب اللب,neu
,ا جاء أجل الله لايقدم ولا يؤخر الموت اقرب اليكم من حبل الوريد اتقوا الله واعملوا العمل الصالح وقولوا القول الح,neu
,لنصاري يزعمون أنهم سكان مصر الاصليين وهذا خطأ كب,neg
,تضن قلبي أحبة مميزون يعطرون أيامي بشذى محبتهم أنار الله باطنهم وظاهرهم بأنوار أسمائه وكحل بصرهم وبصيرتهم بأسرار آياته ويسرأمرهم وفرج ك,pos
,كما أننا نسعد أن نري كل العالم بخير وسلام و,pos
,ي شو هأل,neg
,ا فارس كل عام وإنت بخير أحلا مط,pos
,نحاول نتعايش اهو فى القاهرة الكئي,neg
,زء من الإمبراطورية البريطانية مكتوب بشكل رئيسي بواسطة توماس جف,neu
,لنا يا دكتور مدحت يسعدنا نشوف شيرين يحيى مع حضرتك وتطربنا بصوتها وتفرحنه,pos
,سم حسن شحاته متطرحش غير لما ابنه قال الخبر ف الاعلام كل الاتجاه لمدير فني اجن,neu
,مة رنا سماحة لديها رصيد من الاعمال الناجحه نتمنى وجودها بقائمة المرشحين هذا العا,pos
, اجمل و اخف دم بنوتة ف مصر ساقيه عبد المنعم الصاو,pos
,حضرتك طيب وبخير وصحة ,pos
,نووزة عسسل عس,pos
,بنايخليكي ياار,pos
,لعقل السليم في القلب السل,neu
,يي,pos
,ادى حال الد,neg
,انز شيرين لو سمحتوا اطلبوا نجمتكم لوحدها احنا عايزين مينا لوحده من حقنا نشوف مينا وبس ليه لازقين في مينا علي طول استفز,neg
,كيلة الليث بالدور الثاني وليد اسطا مرشدي خطاب معاذ عطيف خيبري رافينها بارك هزازي اجنبي هل س,neu
,ى السعادة عاده حتى لو بزياده اعمل خير من غير ما تسئل ايه الاستفاد,pos
,تصدر للأسبوع السادس على التوالي ويحتل المرتبة الأول,neu
,رب صلي على الهادي نب,pos
,ن لما تشجعه من صغره على الجهد اللي بذله في الوصول للمعلومة انت بتشجعه على انه يتعب على نفسه فيطور منها و بالتالي قدراته العقلية تزي,pos
, المق,pos
,ئمة الشخصيات الأكثر تأثيرا في وسائل التواصل الاجتماعي الثامن في الارد,neu
,لبك عامر بالاي,pos
,يك جرئ و اتكلم ف الوش لكن الكلام ف الضهر بتاع ال,neu
,كد خالد الصياد مسؤول تجمع قدسنا الرياضي ان فرق مقدسية تتنافس يوم الاثنين على كأس الانطلاقة تي تنظمها الاكاديمية الفلسط,neu
,نقل اشتياقي لك من سنة إلى سن,pos
,دد ال رتويت قليل جدا الكل يدخل يعمل رتويت فيفورت مينا عط,neu
,يش كل واحد فينا حياته و يعاني الامه و كانه وحيد على هذه الارض و يرسم نفسه داخل قوقعة اصغر من رأسه و يظن انه اكثر الناس شقا,neg
,ل هي تلك النافذة الصغيرة التي مهما صغر حجمها إلا أنها تفتح آفاقا واسعة في الحياة اللهم لك الحم,pos
,ن كان قالك ضيع حبك وارجع دور تانى علي,neg
,بيبى يارسول الله اللهم صل وسلم وبارك على سيدنا محمد وآله وصحبه أج,neu
,ول ما انت بتحاول تفرح الناس ربنا هيبعتلك اللي يفرح,pos
,صر بتقتل والمصريين عادي مش غريب عليها تقتل أي ,neg
,لناس بقت مفترية او,neg
,حيه طيبه للأستاذ ألمحترم أيمن ألصي,pos
,رار في قلبي ولا تتكتم ولا يفهموها الن,neg
,ر دا انيل شهر في ح,neg
, دمت تنوي الخير فأنت بخي,pos
,زل من بيتك عشان تتحول لفلوس فعين سواق التاكسي ومعاد في عين سواق باص الشغل و رقم في عين مديرك في الشغل ترجع تتحول لزحمة فعين اي حد مر,neg
,دنا الصراط المستقي,pos
,بيبي يا رسول الل,pos
,يبي يا محمد صلى الله عليه وسل,pos
,اتي فرح كثير ليس لأن الحزن قليل و لكن لأن الله كب,pos
,سعد مساكي ومسا نجمنا المبد,pos
,لمخرج المتميز الاعمال الرائعة نتمني ان نري النجمة في عمل من ابداعك وشكر,pos
,ديو ميريام فارس وهيفاء ترقصان خليج,neu
,فضل فنان محمود محيي أفضل شاعر محمود فاروق أفضل عمل جوه الحار,neu
, هتنسانى بكره هتجينى يوم ما تبكى ويوم لقاك غرورك هتقولى نج,neg
,عض الأشياء جمالها في أن نلحظها في وقت متأخر كي نشعر كم نحن على قيد الحب على قيد الود والحياة كي نحدث فارقا مزكاكي حص,pos
,موت في الفضايح احنا كده طالما مايخصناش نهري فروة اللي جابو,neg
,قباليك تكبد على قابينة ونفرحو ,pos
,قة تمحو خطاياك قال صلى الله عليه وسلم الصدقة تطفئ الخطيئة كما يطفئ الماء ال,neu
,و م,neu
,لوا على النب,neu
,م أنزل ئك أو,pos
, الاصلح لقيادة المل,neu
,لجمال مبيحتاح اي مكياج لناعم وله خشن جمل الطابيعي فو,neu
,تمني وجود الفنانة رنا سماحة افضل فنانة صاعدة في مجلة الديرجس,neu
,د الهدى فالكائنات ضياء وفم الزمان تبسم وسناء كل عام وانتم بخير بمناسبة المولد النبوى الشر,pos
,نت متناقض جدا يا صل,neg
,طقة السيدة زينب ليلة المولد مسجد السيدة ز,neu
